"pathway","pval","padj","log2err","ES","NES","size","leadingEdge"
"REACTOME_ABC_FAMILY_PROTEINS_MEDIATED_TRANSPORT","0.200301204819277","0.880569447601728","0.116739204791222","0.444195658397659","1.21320419379521","24","c(\"ABCA6\", \"ABCA8\", \"PSMC5\", \"OS9\", \"PSMF1\", \"ERLEC1\", \"PSMC3\", \"PSMB5\", \"VCP\")"
"REACTOME_ABC_TRANSPORTER_DISORDERS","0.72","1","0.0787113806986485","-0.280665280665281","-0.837331675822353","21","c(\"PSMB9\", \"PSMB8\", \"UBB\", \"PSMB3\", \"PSME2\", \"PSME1\", \"UBA52\", \"PSMA7\", \"PSMA4\", \"PSMA2\", \"PSMC1\", \"PSMB1\", \"PSMC6\", \"PSMC2\", \"VCP\", \"PSMB5\", \"PSMC3\", \"ERLEC1\", \"PSMF1\", \"OS9\", \"PSMC5\")"
"REACTOME_ACTIVATION_OF_THE_MRNA_UPON_BINDING_OF_THE_CAP_BINDING_COMPLEX_AND_EIFS_AND_SUBSEQUENT_BINDING_TO_43S","0.622857142857143","1","0.0865399737444125","-0.3000693000693","-0.895221273163158","21","c(\"EIF4EBP1\", \"PABPC1\", \"RPS29\", \"EIF4E\", \"RPS19\", \"RPS10\", \"RPS27\", \"EIF2S2\", \"EIF3K\", \"FAU\", \"RPSA\", \"RPS18\", \"EIF3D\", \"RPS5\", \"EIF3L\", \"EIF3I\", \"EIF3E\", \"EIF4A1\", \"RPS4Y1\", \"EIF4H\", \"EIF4A2\")"
"REACTOME_ADAPTIVE_IMMUNE_SYSTEM","1.19252240354869e-08","6.9464430006711e-07","0.747739663149885","-0.502052278988732","-2.11632058951999","120","c(\"IFI30\", \"ITGB2\", \"HLA-DQA1\", \"HLA-DRA\", \"TYROBP\", \"HLA-DQB1\", \"CD74\", \"HLA-DMB\", \"PTPN6\", \"MRC1\", \"HCST\", \"HLA-DRB1\", \"PTPRC\", \"S100A9\", \"S100A8\", \"CTSS\", \"FCGR3A\", \"HLA-DPB1\", \"HLA-DPA1\", \"HLA-DMA\", \"TREM1\", \"NCF2\", \"CTSH\", \"VAMP8\", \"HLA-B\", \"CYBA\", \"LY96\", \"VASP\", \"CTSD\", \"REL\", \"AP1S2\", \"PSMB9\", \"PPP2R5C\", \"HLA-C\", \"B2M\", \"CLEC2B\", \"PSMB8\", \"CTSB\", \"UBE2D1\", \"GRB2\", \"TUBA1C\", \"HLA-A\", \"AP2S1\", \"FKBP1A\", \"HLA-E\", \"CDC42\", \"RNF130\", \"MAP3K8\", \"RAP1A\", \"UBE2J1\")"
"REACTOME_ANTIGEN_PROCESSING_CROSS_PRESENTATION","4.7325958480387e-05","0.00110269483259302","0.557332238758646","-0.600064698418854","-2.04707592890427","37","c(\"MRC1\", \"S100A9\", \"S100A8\", \"CTSS\", \"NCF2\", \"VAMP8\", \"HLA-B\", \"CYBA\", \"LY96\", \"PSMB9\", \"HLA-C\", \"B2M\", \"PSMB8\", \"HLA-A\", \"HLA-E\")"
"REACTOME_ANTIGEN_PROCESSING_UBIQUITINATION_PROTEASOME_DEGRADATION","1","1","0.0673623868166279","-0.139160839160839","-0.46754229250627","34","c(\"PSMB9\", \"PSMB8\", \"UBE2D1\", \"RNF130\", \"UBE2J1\", \"UBB\", \"UBE2A\", \"RNF114\", \"PSMB3\", \"PSME2\", \"UBE2L3\", \"PSME1\", \"UBA52\", \"PSMA7\", \"UBE2D3\", \"PSMA4\", \"PSMA2\", \"WSB1\", \"FBXL5\", \"STUB1\", \"PSMC1\", \"PSMB1\", \"PSMC6\", \"SKP1\", \"UBE2V2\", \"PSMC2\", \"ANAPC13\", \"PSMB5\", \"PSMC3\", \"PSMF1\", \"PSMC5\", \"SOCS3\", \"UFL1\", \"ZBTB16\")"
"REACTOME_ANTIVIRAL_MECHANISM_BY_IFN_STIMULATED_GENES","0.538690476190476","1","0.0972150808846466","-0.301468785778876","-0.935565191583052","25","c(\"NUP214\", \"ISG15\", \"TUBA1C\", \"HSPA1A\", \"HSPA1B\", \"UBB\", \"HSPA8\", \"PPP2CA\", \"TUBB4B\", \"JAK1\", \"EIF4G2\", \"EIF4A3\", \"EIF4E\", \"UBA52\")"
"REACTOME_APC_C_CDH1_MEDIATED_DEGRADATION_OF_CDC20_AND_OTHER_APC_C_CDH1_TARGETED_PROTEINS_IN_LATE_MITOSIS_EARLY_G1","0.73121387283237","1","0.0785029047348687","-0.280470914127424","-0.824627793026847","20","c(\"PSMB9\", \"PSMB8\", \"UBE2D1\", \"UBB\", \"PSMB3\", \"PSME2\", \"PSME1\", \"UBA52\", \"PSMA7\", \"PSMA4\", \"PSMA2\", \"ANAPC16\", \"PSMC1\", \"PSMB1\", \"PSMC6\", \"PSMC2\", \"PSMB5\", \"PSMC3\", \"PSMF1\", \"PSMC5\")"
"REACTOME_APC_C_MEDIATED_DEGRADATION_OF_CELL_CYCLE_PROTEINS","0.72","1","0.0787113806986485","-0.280665280665281","-0.837331675822353","21","c(\"PSMB9\", \"PSMB8\", \"UBE2D1\", \"UBB\", \"PSMB3\", \"PSME2\", \"PSME1\", \"UBA52\", \"PSMA7\", \"PSMA4\", \"PSMA2\", \"ANAPC16\", \"PSMC1\", \"PSMB1\", \"PSMC6\", \"SKP1\", \"PSMC2\", \"PSMB5\", \"PSMC3\", \"PSMF1\", \"PSMC5\")"
"REACTOME_APOPTOSIS","0.762987012987013","1","0.0824344091527096","-0.242884693275526","-0.836630752921135","39","c(\"LY96\", \"PSMB9\", \"BAX\", \"PSMB8\", \"YWHAH\", \"YWHAZ\", \"CFLAR\", \"UBB\", \"CYCS\", \"DBNL\", \"CTNNB1\", \"PSMB3\", \"BCAP31\", \"YWHAB\", \"CD14\", \"PAK2\", \"PSME2\", \"HMGB2\", \"PSME1\", \"UBA52\", \"PSMA7\", \"PSMA4\")"
"REACTOME_ASPARAGINE_N_LINKED_GLYCOSYLATION","1","1","0.0709609456938284","-0.14163690594405","-0.518842749590748","52","c(\"AREG\", \"SERPINA1\", \"CD55\")"
"REACTOME_ASYMMETRIC_LOCALIZATION_OF_PCP_PROTEINS","0.725490196078431","1","0.077274697304471","-0.280082987551867","-0.804344973506749","18","c(\"PSMB9\", \"PSMB8\", \"UBB\", \"PSMB3\", \"PSME2\", \"PSME1\", \"UBA52\", \"PSMA7\", \"PSMA4\", \"PSMA2\", \"PSMC1\", \"PSMB1\", \"PSMC6\", \"PSMC2\", \"PSMB5\", \"PSMC3\", \"PSMF1\", \"PSMC5\")"
"REACTOME_AUF1_HNRNP_D0_BINDS_AND_DESTABILIZES_MRNA","0.703488372093023","1","0.0808589150280032","-0.280859916782247","-0.844272433720729","22","c(\"PSMB9\", \"PSMB8\", \"HSPA1A\", \"UBB\", \"HSPA8\", \"PABPC1\", \"PSMB3\", \"PSME2\", \"PSME1\", \"UBA52\", \"PSMA7\", \"PSMA4\", \"PSMA2\", \"PSMC1\", \"PSMB1\", \"PSMC6\", \"HSPB1\", \"PSMC2\", \"PSMB5\", \"PSMC3\", \"PSMF1\", \"PSMC5\")"
"REACTOME_AUTOPHAGY","0.135542168674699","0.671943091514996","0.211400189384923","-0.396888101767983","-1.28661905125201","29","c(\"RNASE1\", \"EPAS1\", \"PLIN2\", \"TUBA1C\", \"HSP90AA1\", \"ATG3\", \"LAMTOR2\", \"UBB\", \"HSPA8\", \"GABARAPL1\", \"MAP1LC3B\", \"TUBB4B\", \"CHMP4B\", \"LAMTOR4\", \"LAMP2\")"
"REACTOME_BACTERIAL_INFECTION_PATHWAYS","0.0284091206726407","0.183870142131258","0.352487857583619","-0.544286439772298","-1.54934460756074","17","c(\"CORO1A\", \"MRC1\", \"HBEGF\", \"B2M\", \"CD9\", \"GRB2\", \"HSP90AA1\")"
"REACTOME_BETA_CATENIN_INDEPENDENT_WNT_SIGNALING","0.52","1","0.101350743797099","-0.287728491864376","-0.944930494224517","31","c(\"ARRB2\", \"PSMB9\", \"PFN1\", \"PSMB8\", \"AP2S1\", \"RAC1\", \"RHOA\", \"UBB\", \"GNG5\", \"CALM1\", \"CTNNB1\", \"PSMB3\", \"PSME2\", \"PSME1\", \"UBA52\", \"PSMA7\", \"PSMA4\")"
"REACTOME_BINDING_AND_UPTAKE_OF_LIGANDS_BY_SCAVENGER_RECEPTORS","0.35126582278481","1","0.0855356947987884","0.440977510461309","1.09623532691042","16","c(\"SAA1\", \"COL3A1\", \"COL1A2\", \"COL1A1\", \"LRP1\")"
"REACTOME_BIOLOGICAL_OXIDATIONS","0.00212825932473301","0.0260991801401469","0.431707695803346","0.628670446392081","1.75456665108938","26","c(\"ADH1B\", \"GSTM5\", \"FMO2\", \"MAOB\", \"AOC3\", \"CES1\", \"ALDH1A1\", \"CYP4B1\", \"GSTM3\", \"NNMT\", \"MAOA\", \"ADH5\", \"EPHX1\")"
"REACTOME_CARGO_RECOGNITION_FOR_CLATHRIN_MEDIATED_ENDOCYTOSIS","0.00575761096374797","0.0583271023718816","0.407017918923954","-0.610753682377231","-1.75396820337004","18","c(\"AREG\", \"IL7R\", \"ARRB2\", \"VAMP8\", \"TFRC\", \"HBEGF\", \"GRB2\", \"AP2S1\")"
"REACTOME_CELLULAR_RESPONSES_TO_STIMULI","1","1","0.104732821580651","-0.126157500469517","-0.560572754175972","171","c(\"AREG\", \"NCF2\", \"CXCL8\", \"CYBA\", \"NUP214\", \"LY96\", \"ID1\", \"PGD\", \"EPAS1\", \"GPX1\", \"PSMB9\", \"HSPH1\", \"PSMB8\", \"UBE2D1\", \"ATP6V1F\", \"ATP6V0B\", \"TPP1\", \"TUBA1C\", \"KDM6B\", \"ETS2\", \"TXNIP\", \"HSP90AA1\", \"HSPA1A\", \"ATP6V0D1\", \"TKT\", \"COX5A\", \"DNAJA1\", \"CAPZA1\", \"HSPA1B\", \"HIF1A\", \"LAMTOR2\", \"SERP1\", \"CAPZA2\", \"DNAJB6\", \"TXN\", \"UBB\", \"CYCS\", \"ATOX1\", \"HSPA8\", \"HERPUD1\", \"ATP6V1G1\", \"COX4I1\", \"RPS29\", \"MAP1LC3B\", \"TUBB4B\")"
"REACTOME_CELLULAR_RESPONSE_TO_CHEMICAL_STRESS","0.996350364963504","1","0.0745500777420554","-0.145573758773767","-0.541989768393535","62","c(\"AREG\", \"NCF2\", \"CYBA\", \"PGD\", \"GPX1\", \"PSMB9\", \"PSMB8\", \"TXNIP\", \"TKT\", \"COX5A\", \"TXN\", \"UBB\", \"CYCS\", \"ATOX1\", \"COX4I1\", \"MAP1LC3B\", \"PRDX1\", \"BLVRA\", \"COX7B\", \"MT-CO1\", \"PSMB3\")"
"REACTOME_CELLULAR_RESPONSE_TO_HEAT_STRESS","0.957831325301205","1","0.034566432206351","0.225540862519574","0.610579269709409","23","c(\"BAG2\", \"CRYAB\", \"SERPINH1\")"
"REACTOME_CELLULAR_RESPONSE_TO_HYPOXIA","0.946428571428571","1","0.0668966276500666","-0.207871618339896","-0.64509979013048","25","c(\"EPAS1\", \"PSMB9\", \"PSMB8\", \"UBE2D1\")"
"REACTOME_CELLULAR_RESPONSE_TO_STARVATION","0.496753246753247","1","0.107554375265169","-0.281902800421807","-0.971030940595042","39","c(\"ATP6V1F\", \"ATP6V0B\", \"ATP6V0D1\", \"LAMTOR2\", \"ATP6V1G1\", \"RPS29\", \"LAMTOR4\", \"RPL28\", \"RPL36AL\", \"CEBPB\", \"UBA52\", \"RPS19\", \"RPL23\", \"RPS10\", \"RPL39\", \"RPS27\", \"EIF2S2\", \"FAU\", \"RPLP2\", \"ATP6V0E1\", \"RPL27\", \"RPL10\", \"RPL13A\", \"RPL6\", \"RPSA\", \"DDIT3\", \"RPL23A\", \"RPS18\", \"RPL12\", \"ATF3\", \"RPS5\", \"RPL5\", \"RPL7A\", \"RHEB\", \"RPL3\", \"RPS4Y1\", \"RPL10A\", \"RPLP0\")"
"REACTOME_CELLULAR_SENESCENCE","0.508196721311475","1","0.0956031492204301","-0.334880095004568","-0.953256652125697","17","c(\"CXCL8\", \"ID1\", \"UBE2D1\", \"KDM6B\", \"ETS2\", \"TXN\", \"UBB\")"
"REACTOME_CELL_CELL_COMMUNICATION","0.917159763313609","1","0.0681513438679483","-0.221746042130675","-0.676558552366924","23","c(\"TYROBP\", \"PTPN6\", \"VASP\", \"GRB2\", \"ACTN4\", \"CD47\", \"IQGAP1\")"
"REACTOME_CELL_CYCLE","0.952727272727273","1","0.0766746872490091","-0.189270392161871","-0.717200991593451","65","c(\"NUP214\", \"PSMB9\", \"CCND3\", \"PPP2R5C\", \"PSMB8\", \"UBE2D1\", \"PHLDA1\", \"TUBA1C\", \"CCNH\", \"NOP10\", \"YWHAH\", \"HSP90AA1\", \"YWHAZ\", \"UBB\", \"SET\", \"MAPRE1\", \"PPP2CA\", \"SSNA1\", \"TUBB4B\", \"CHMP4B\")"
"REACTOME_CELL_CYCLE_CHECKPOINTS","0.498442367601246","1","0.104732821580651","-0.283018867924528","-0.952344331950642","33","c(\"PSMB9\", \"PPP2R5C\", \"PSMB8\", \"UBE2D1\", \"YWHAH\", \"YWHAZ\", \"UBB\", \"MAPRE1\", \"PPP2CA\", \"PSMB3\", \"YWHAB\", \"PSME2\", \"PSME1\", \"UBA52\", \"PSMA7\", \"PSMA4\", \"RPS27\", \"PSMA2\", \"ANAPC16\", \"PSMC1\", \"PSMB1\", \"PSMC6\", \"UBE2V2\", \"PSMC2\", \"NUDC\", \"PSMB5\", \"DYNC1I2\", \"DYNC1LI2\", \"PSMC3\", \"YWHAQ\", \"PSMF1\", \"PPP2R1A\", \"PSMC5\")"
"REACTOME_CELL_CYCLE_MITOTIC","0.831578947368421","1","0.0819778796501272","-0.221266986522078","-0.809244696960927","53","c(\"NUP214\", \"PSMB9\", \"CCND3\", \"PPP2R5C\", \"PSMB8\", \"UBE2D1\", \"PHLDA1\", \"TUBA1C\", \"CCNH\", \"HSP90AA1\", \"UBB\", \"SET\", \"MAPRE1\", \"PPP2CA\", \"SSNA1\", \"TUBB4B\", \"CHMP4B\")"
"REACTOME_CELL_SURFACE_INTERACTIONS_AT_THE_VASCULAR_WALL","0.0172035286114497","0.129303940853799","0.352487857583619","-0.505490033317175","-1.59542475544575","26","c(\"DOK2\", \"FCER1G\", \"OLR1\", \"ITGB2\", \"CD74\", \"PTPN6\", \"SLC16A3\", \"PECAM1\", \"TREM1\", \"THBD\", \"SLC7A7\")"
"REACTOME_CILIUM_ASSEMBLY","0.996932515337423","1","0.0335297167141207","0.162162162162162","0.430781633671308","21","c(\"DYNC2LI1\", \"AKAP9\", \"ARL3\", \"PPP2R1A\", \"DCTN2\", \"ARF4\", \"DYNC1I2\", \"CCT3\")"
"REACTOME_CLASS_A_1_RHODOPSIN_LIKE_RECEPTORS","0.0153901837037564","0.123652165619836","0.380730400722792","-0.59274894684918","-1.65936175800465","16","c(\"FPR1\", \"GPR183\", \"CCL3\", \"CXCR4\", \"C5AR1\", \"CXCL3\", \"CXCL8\", \"CXCL16\", \"CXCL2\")"
"REACTOME_CLASS_I_MHC_MEDIATED_ANTIGEN_PROCESSING_PRESENTATION","0.00151778780750544","0.020802621126398","0.45505986738723","-0.462586956294899","-1.69947354232076","56","c(\"MRC1\", \"S100A9\", \"S100A8\", \"CTSS\", \"NCF2\", \"VAMP8\", \"HLA-B\", \"CYBA\", \"LY96\", \"PSMB9\", \"HLA-C\", \"B2M\", \"PSMB8\", \"UBE2D1\", \"HLA-A\", \"HLA-E\", \"RNF130\", \"UBE2J1\")"
"REACTOME_CLATHRIN_MEDIATED_ENDOCYTOSIS","0.00165805603350992","0.0214626142115451","0.45505986738723","-0.583780225875422","-1.85942089185216","27","c(\"AREG\", \"IL7R\", \"ARRB2\", \"VAMP8\", \"TFRC\", \"HBEGF\", \"ARPC2\", \"ACTR2\", \"ARF6\", \"ARPC3\", \"GRB2\", \"AP2S1\", \"ACTR3\", \"M6PR\", \"UBB\", \"RAB5C\", \"HSPA8\")"
"REACTOME_CLEC7A_DECTIN_1_SIGNALING","0.177514792899408","0.827218934911243","0.181383128498408","-0.398300198753581","-1.22069010018314","24","c(\"CLEC7A\", \"PYCARD\", \"PSMB9\", \"PSMB8\", \"UBE2D1\")"
"REACTOME_COLLAGEN_FORMATION","0.000121672906971742","0.00253244219710693","0.538434096309916","0.745660124955904","1.92457570555907","18","c(\"COL13A1\", \"COL3A1\", \"COL1A2\", \"PCOLCE\", \"COL6A3\", \"COL1A1\", \"COL6A1\", \"COL6A2\", \"COL8A1\", \"DST\")"
"REACTOME_COMPLEMENT_CASCADE","0.210443037974684","0.908022737927801","0.116739204791222","0.488966048621546","1.21553104964016","16","c(\"C1S\", \"C1R\", \"C7\", \"CFH\", \"CFD\", \"SERPING1\", \"C3\", \"CLU\")"
"REACTOME_COMPLEX_I_BIOGENESIS","0.439890710382514","1","0.104343952581949","-0.355217691776088","-1.01114886399466","17","c(\"NDUFA3\", \"NDUFA12\", \"MT-ND3\", \"NDUFB1\", \"NDUFB2\", \"NDUFB8\", \"NDUFA1\", \"MT-ND1\", \"NDUFV2\", \"NDUFA13\", \"NDUFS7\", \"MT-ND5\", \"NDUFC2\", \"NDUFA5\", \"NDUFS4\", \"NDUFV1\", \"NDUFS2\")"
"REACTOME_COPI_MEDIATED_ANTEROGRADE_TRANSPORT","0.767441860465116","1","0.0762797180809272","-0.267683772538141","-0.804664591151115","22","c(\"CD55\", \"TUBA1C\", \"CAPZA1\", \"CD59\", \"CAPZA2\", \"TUBB4B\", \"COPE\", \"ARF5\", \"TUBA1B\", \"CAPZB\", \"NAPA\", \"DCTN3\", \"DYNC1I2\", \"ARF4\", \"DYNC1LI2\", \"DCTN2\", \"SPTBN1\", \"ACTR10\", \"TMED9\", \"KDELR2\", \"KDELR1\", \"TMED2\")"
"REACTOME_COSTIMULATION_BY_THE_CD28_FAMILY","0.000579650859607112","0.00844116564302857","0.477270815362862","-0.692146491802501","-1.93761865885927","16","c(\"HLA-DQA1\", \"HLA-DRA\", \"HLA-DQB1\", \"PTPN6\", \"HLA-DRB1\", \"HLA-DPB1\", \"HLA-DPA1\", \"PPP2R5C\", \"GRB2\", \"CDC42\", \"MAP3K8\")"
"REACTOME_CROSS_PRESENTATION_OF_SOLUBLE_EXOGENOUS_ANTIGENS_ENDOSOMES","0.344262295081967","1","0.120433371642259","-0.37793199069743","-1.07580650375329","17","c(\"MRC1\", \"PSMB9\", \"PSMB8\")"
"REACTOME_CYCLIN_A_CDK2_ASSOCIATED_EVENTS_AT_S_PHASE_ENTRY","0.991428571428571","1","0.0626618230932491","-0.155617707895847","-0.464267029506447","21","c(\"PSMB9\", \"PSMB8\", \"CCNH\", \"UBB\", \"PSMB3\", \"PSME2\", \"PSME1\", \"UBA52\", \"PSMA7\", \"PSMA4\", \"PSMA2\", \"PSMC1\", \"PSMB1\", \"PSMC6\", \"SKP1\", \"PSMC2\", \"PSMB5\", \"PSMC3\", \"PSMF1\", \"PSMC5\")"
"REACTOME_CYTOKINE_SIGNALING_IN_IMMUNE_SYSTEM","0.000273595011568574","0.00455340269253412","0.49849310876659","-0.383829654202181","-1.62545308496916","129","c(\"FPR1\", \"IFI30\", \"SLA\", \"CCL3\", \"ITGB2\", \"HLA-DQA1\", \"HLA-DRA\", \"HLA-DQB1\", \"STXBP2\", \"PTPN6\", \"LCP1\", \"IL7R\", \"HLA-DRB1\", \"LGALS9\", \"HLA-DPB1\", \"HLA-DPA1\", \"ISG20\", \"CXCL8\", \"IFI27\", \"HLA-B\", \"CXCL2\", \"NUP214\", \"ISG15\", \"PSMB9\", \"HLA-C\", \"B2M\", \"PSMB8\", \"UBE2D1\", \"GRB2\", \"TUBA1C\", \"BST2\", \"HLA-A\", \"IFNGR2\", \"HLA-E\", \"HSP90AA1\", \"CDC42\", \"CD44\", \"MAP3K8\", \"HSPA1A\", \"GSTO1\", \"MCL1\", \"CAPZA1\", \"HSPA1B\", \"YWHAZ\", \"MSN\", \"IFNGR1\", \"CFL1\", \"HIF1A\")"
"REACTOME_CYTOPROTECTION_BY_HMOX1","0.98314606741573","1","0.062249042949858","-0.193079584775086","-0.564550122306827","19","c(\"TXNIP\", \"COX5A\", \"CYCS\", \"COX4I1\", \"BLVRA\", \"COX7B\", \"MT-CO1\", \"MT-CO3\", \"COX6B1\", \"COX14\", \"COX7C\", \"MT-CO2\", \"COX8A\", \"NCOR1\", \"NDUFA4\", \"STAT3\", \"HM13\", \"CHD9\", \"COX11\")"
"REACTOME_C_TYPE_LECTIN_RECEPTORS_CLRS","0.0418086534224677","0.256353059143025","0.321775918075361","-0.463514540186472","-1.46294194381977","26","c(\"FCER1G\", \"CLEC7A\", \"PYCARD\", \"PSMB9\", \"PSMB8\", \"UBE2D1\")"
"REACTOME_DEATH_RECEPTOR_SIGNALING","0.12972972972973","0.671943091514996","0.204294756516886","-0.489222075133543","-1.3695450780022","16","c(\"TNFAIP3\", \"UBE2D1\", \"RAC1\", \"RHOA\", \"NFKBIA\", \"CFLAR\", \"UBB\", \"TAX1BP1\", \"UBE2L3\", \"UBA52\", \"UBE2D3\", \"ARHGDIA\", \"APH1A\")"
"REACTOME_DECTIN_1_MEDIATED_NONCANONICAL_NF_KB_SIGNALING","0.710674157303371","1","0.0785029047348687","-0.280276816608997","-0.819508242058297","19","c(\"PSMB9\", \"PSMB8\", \"UBB\", \"PSMB3\", \"PSME2\", \"PSME1\", \"UBA52\", \"PSMA7\", \"PSMA4\", \"PSMA2\", \"PSMC1\", \"PSMB1\", \"PSMC6\", \"SKP1\", \"PSMC2\", \"PSMB5\", \"PSMC3\", \"PSMF1\", \"PSMC5\")"
"REACTOME_DEFECTIVE_CFTR_CAUSES_CYSTIC_FIBROSIS","0.72","1","0.0787113806986485","-0.280665280665281","-0.837331675822353","21","c(\"PSMB9\", \"PSMB8\", \"UBB\", \"PSMB3\", \"PSME2\", \"PSME1\", \"UBA52\", \"PSMA7\", \"PSMA4\", \"PSMA2\", \"PSMC1\", \"PSMB1\", \"PSMC6\", \"PSMC2\", \"VCP\", \"PSMB5\", \"PSMC3\", \"ERLEC1\", \"PSMF1\", \"OS9\", \"PSMC5\")"
"REACTOME_DEGRADATION_OF_AXIN","0.725490196078431","1","0.077274697304471","-0.280082987551867","-0.804344973506749","18","c(\"PSMB9\", \"PSMB8\", \"UBB\", \"PSMB3\", \"PSME2\", \"PSME1\", \"UBA52\", \"PSMA7\", \"PSMA4\", \"PSMA2\", \"PSMC1\", \"PSMB1\", \"PSMC6\", \"PSMC2\", \"PSMB5\", \"PSMC3\", \"PSMF1\", \"PSMC5\")"
"REACTOME_DEGRADATION_OF_BETA_CATENIN_BY_THE_DESTRUCTION_COMPLEX","0.982248520710059","1","0.0647943366000727","-0.174300698102153","-0.534187874608478","24","c(\"PSMB9\", \"PPP2R5C\", \"PSMB8\", \"UBB\", \"PPP2CA\", \"CTNNB1\", \"PSMB3\", \"PSME2\", \"PSME1\", \"UBA52\", \"PSMA7\", \"PSMA4\", \"PSMA2\", \"PSMC1\", \"PSMB1\", \"PSMC6\", \"SKP1\", \"PSMC2\", \"PSMB5\", \"PSMC3\", \"PSMF1\", \"PPP2R1A\", \"PSMC5\")"
"REACTOME_DEGRADATION_OF_DVL","0.725490196078431","1","0.077274697304471","-0.280082987551867","-0.804344973506749","18","c(\"PSMB9\", \"PSMB8\", \"UBB\", \"PSMB3\", \"PSME2\", \"PSME1\", \"UBA52\", \"PSMA7\", \"PSMA4\", \"PSMA2\", \"PSMC1\", \"PSMB1\", \"PSMC6\", \"PSMC2\", \"PSMB5\", \"PSMC3\", \"PSMF1\", \"PSMC5\")"
"REACTOME_DEGRADATION_OF_GLI1_BY_THE_PROTEASOME","0.710674157303371","1","0.0785029047348687","-0.280276816608997","-0.819508242058297","19","c(\"PSMB9\", \"PSMB8\", \"UBB\", \"PSMB3\", \"PSME2\", \"PSME1\", \"UBA52\", \"PSMA7\", \"PSMA4\", \"PSMA2\", \"PSMC1\", \"PSMB1\", \"PSMC6\", \"SKP1\", \"PSMC2\", \"PSMB5\", \"PSMC3\", \"PSMF1\", \"PSMC5\")"
"REACTOME_DEGRADATION_OF_THE_EXTRACELLULAR_MATRIX","3.0295481829955e-07","1.17647454439659e-05","0.674962860011025","0.760529739210551","2.15405780300159","28","c(\"COL13A1\", \"MMP2\", \"DCN\", \"COL3A1\", \"ADAMTS8\", \"COL1A2\", \"COL6A3\", \"COL1A1\", \"ELN\", \"COL6A1\", \"COL6A2\", \"LAMC1\", \"LAMB1\", \"COL8A1\", \"NID1\", \"A2M\", \"FN1\", \"MMP14\", \"ADAMTS1\", \"ADAM9\")"
"REACTOME_DETOXIFICATION_OF_REACTIVE_OXYGEN_SPECIES","0.981132075471698","1","0.0354665010333725","0.214547420213614","0.541282703484186","17","c(\"GPX3\", \"SOD3\", \"PRDX6\", \"TXNRD1\", \"PRDX2\", \"P4HB\", \"TXN2\", \"SOD1\")"
"REACTOME_DEUBIQUITINATION","0.425396825396825","1","0.116234148779716","-0.295657010141347","-0.993326550418893","34","c(\"ARRB2\", \"TNFAIP3\", \"PSMB9\", \"PSMB8\", \"UBE2D1\", \"HIF1A\", \"RHOA\", \"TGFBR2\", \"NFKBIA\", \"UBB\")"
"REACTOME_DEVELOPMENTAL_BIOLOGY","0.504854368932039","1","0.0541200569620232","0.272076623387447","0.989662193382758","147","c(\"SCN7A\", \"SLIT2\", \"MMP2\", \"COL3A1\", \"MYH10\", \"COL6A3\", \"COL6A1\", \"LAMA2\", \"COL6A2\", \"LAMC1\", \"LAMB1\", \"PTGDS\", \"PBX1\", \"FGFR1\", \"MYO10\", \"PMP22\", \"NR2F2\", \"ROCK2\", \"HIF3A\")"
"REACTOME_DISEASES_OF_METABOLISM","0.0436746987951807","0.260928328699413","0.266350657088526","0.555214782468113","1.50306526553178","23","c(\"LUM\", \"GPC3\", \"DCN\", \"PRELP\", \"ADAMTS8\", \"SPON1\", \"ADAMTS1\", \"SPON2\", \"MAOA\", \"BGN\", \"DCXR\", \"SDC2\")"
"REACTOME_DISEASES_OF_SIGNAL_TRANSDUCTION_BY_GROWTH_FACTOR_RECEPTORS_AND_SECOND_MESSENGERS","0.998643147896879","1","0.0273777349570556","0.155983882347342","0.522109495493225","76","c(\"PDGFRA\", \"FGFR4\", \"FGF7\", \"FN1\", \"FGFR1\", \"MYC\", \"PIK3R1\", \"FOXO3\", \"AKAP9\", \"PEBP1\", \"RRBP1\", \"JUNB\", \"ACTG1\", \"PPFIBP1\", \"TLN1\", \"PSMC5\", \"OS9\", \"PPP2R1A\", \"TPR\", \"PSMF1\", \"PPP1CB\")"
"REACTOME_DISORDERS_OF_TRANSMEMBRANE_TRANSPORTERS","0.845238095238095","1","0.0725351864394589","-0.247889757016326","-0.769290350957143","25","c(\"SLC7A7\", \"NUP214\", \"PSMB9\", \"PSMB8\")"
"REACTOME_DNA_REPAIR","0.528089887640449","1","0.0949751525905595","-0.32318339100346","-0.944963824793148","19","c(\"ISG15\", \"CCNH\", \"PPP4C\", \"UBB\", \"UBA52\", \"SUMO3\", \"UBXN1\", \"RAD23A\", \"XRCC5\", \"APEX1\", \"RAD23B\", \"XRCC6\", \"UBE2V2\", \"TERF2IP\", \"VCP\", \"MPG\", \"GTF2H5\", \"TCEA1\", \"COPS6\")"
"REACTOME_DNA_REPLICATION","0.703488372093023","1","0.0808589150280032","-0.280859916782247","-0.844272433720729","22","c(\"PSMB9\", \"PSMB8\", \"UBE2D1\", \"UBB\", \"PSMB3\", \"PSME2\", \"PSME1\", \"UBA52\", \"PSMA7\", \"PSMA4\", \"PSMA2\", \"ANAPC16\", \"PSMC1\", \"PSMB1\", \"PSMC6\", \"SKP1\", \"PSMC2\", \"PSMB5\", \"PSMC3\", \"KPNB1\", \"PSMF1\", \"PSMC5\")"
"REACTOME_DNA_REPLICATION_PRE_INITIATION","0.72","1","0.0787113806986485","-0.280665280665281","-0.837331675822353","21","c(\"PSMB9\", \"PSMB8\", \"UBE2D1\", \"UBB\", \"PSMB3\", \"PSME2\", \"PSME1\", \"UBA52\", \"PSMA7\", \"PSMA4\", \"PSMA2\", \"ANAPC16\", \"PSMC1\", \"PSMB1\", \"PSMC6\", \"PSMC2\", \"PSMB5\", \"PSMC3\", \"KPNB1\", \"PSMF1\", \"PSMC5\")"
"REACTOME_DOWNSTREAM_SIGNALING_EVENTS_OF_B_CELL_RECEPTOR_BCR","0.464497041420118","1","0.105920292736253","-0.322242510102514","-0.987592381754416","24","c(\"REL\", \"PSMB9\", \"PSMB8\", \"FKBP1A\", \"NFKBIA\", \"UBB\", \"CALM1\", \"PSMB3\", \"PPIA\", \"PSME2\", \"PSME1\", \"UBA52\", \"PSMA7\", \"PSMA4\")"
"REACTOME_ECM_PROTEOGLYCANS","2.39344086440847e-08","1.11534344281435e-06","0.73376198835648","0.852968870631416","2.21564958659778","19","c(\"LUM\", \"DCN\", \"COL3A1\", \"ITGA8\", \"PTPRS\", \"COL1A2\", \"COL6A3\", \"COL1A1\", \"COL6A1\", \"LAMA2\", \"LAMA4\", \"COL6A2\", \"LAMC1\", \"LAMB1\", \"FN1\")"
"REACTOME_EPH_EPHRIN_SIGNALING","0.750750750750751","1","0.0456790414930062","0.296609743617636","0.819110463461508","25","c(\"MMP2\", \"MYH10\", \"ROCK2\")"
"REACTOME_ER_TO_GOLGI_ANTEROGRADE_TRANSPORT","0.387692307692308","1","0.120433371642259","-0.308369820655361","-1.01271877924813","31","c(\"AREG\", \"SERPINA1\", \"CD55\", \"CTSZ\", \"TUBA1C\", \"CAPZA1\", \"CD59\", \"CAPZA2\", \"TUBB4B\", \"TRAPPC1\", \"CTSC\", \"COPE\", \"ARF5\")"
"REACTOME_ESR_MEDIATED_SIGNALING","0.943368107302534","1","0.0347904098478036","0.230671656737102","0.643785306888818","26","c(\"MMP2\", \"GNAI1\", \"MYC\", \"PIK3R1\", \"FOXO3\", \"JUN\")"
"REACTOME_EUKARYOTIC_TRANSLATION_ELONGATION","0.43161094224924","1","0.112378519110475","-0.310368823938761","-0.988567700363443","27","c(\"RPS29\", \"RPL28\", \"RPL36AL\", \"UBA52\", \"RPS19\", \"RPL23\", \"RPS10\", \"RPL39\", \"RPS27\", \"FAU\", \"RPLP2\", \"RPL27\", \"RPL10\", \"RPL13A\", \"RPL6\", \"RPSA\", \"RPL23A\", \"RPS18\", \"RPL12\", \"RPS5\", \"RPL5\", \"RPL7A\", \"RPL3\", \"RPS4Y1\", \"RPL10A\", \"RPLP0\", \"EEF2\")"
"REACTOME_EUKARYOTIC_TRANSLATION_INITIATION","0.331168831168831","1","0.135740943810425","-0.303859649122807","-1.04666261014474","39","c(\"EIF4EBP1\", \"PABPC1\", \"RPS29\", \"RPL28\", \"RPL36AL\", \"EIF5\", \"EIF4E\", \"UBA52\", \"RPS19\", \"RPL23\", \"RPS10\", \"RPL39\", \"RPS27\", \"EIF2S2\", \"EIF3K\", \"FAU\", \"RPLP2\", \"RPL27\", \"RPL10\", \"RPL13A\", \"RPL6\", \"RPSA\", \"RPL23A\", \"RPS18\", \"RPL12\", \"EIF3D\", \"RPS5\", \"EIF3L\", \"EIF3I\", \"RPL5\", \"RPL7A\", \"EIF3E\", \"RPL3\", \"EIF4A1\", \"RPS4Y1\", \"RPL10A\", \"EIF4H\", \"RPLP0\", \"EIF4A2\")"
"REACTOME_EXTRACELLULAR_MATRIX_ORGANIZATION","1.62216033442954e-11","1.25987785974028e-09","0.863415391606693","0.727694871767916","2.3511725104274","59","c(\"FBLN1\", \"LUM\", \"COL13A1\", \"MMP2\", \"DCN\", \"MFAP4\", \"FBLN5\", \"COL3A1\", \"EMILIN1\", \"ITGA8\", \"PTPRS\", \"ADAMTS8\", \"COL1A2\", \"PCOLCE\", \"COL6A3\", \"COL1A1\", \"ELN\", \"COL6A1\", \"LAMA2\", \"DDR2\", \"LTBP4\", \"LAMA4\", \"COL6A2\", \"LAMC1\", \"LAMB1\", \"COL8A1\", \"EFEMP1\", \"NID1\", \"A2M\", \"DST\", \"FN1\", \"MMP14\", \"EFEMP2\", \"ADAMTS1\")"
"REACTOME_EXTRA_NUCLEAR_ESTROGEN_SIGNALING","0.839622641509434","1","0.0426733861156084","0.289921584208905","0.731444539126907","17","c(\"MMP2\", \"GNAI1\", \"PIK3R1\", \"FOXO3\")"
"REACTOME_FATTY_ACID_METABOLISM","0.182584269662921","0.834159506499229","0.173747838999571","-0.420931013849208","-1.2307704909772","19","c(\"TBXAS1\", \"ALOX5AP\", \"HPGD\", \"ACSL1\", \"LTA4H\", \"GPX1\")"
"REACTOME_FCERI_MEDIATED_NF_KB_ACTIVATION","0.343023255813953","1","0.125033367555272","-0.356738532957785","-1.07236558663422","22","c(\"FCER1G\", \"PSMB9\", \"PSMB8\", \"UBE2D1\")"
"REACTOME_FCGAMMA_RECEPTOR_FCGR_DEPENDENT_PHAGOCYTOSIS","0.0300476083240465","0.189218722689266","0.352487857583619","-0.524639874248662","-1.53400736550754","19","c(\"FCGR2A\", \"FCGR3A\", \"ARPC1B\", \"ARPC2\", \"ACTR2\", \"ARPC3\", \"GRB2\", \"HSP90AA1\", \"MYH9\", \"CDC42\", \"RAC1\", \"CFL1\", \"ACTR3\")"
"REACTOME_FC_EPSILON_RECEPTOR_FCERI_SIGNALING","0.692771084337349","1","0.0835990603684159","-0.267479795114796","-0.867107375319767","29","c(\"FCER1G\", \"PSMB9\", \"PSMB8\", \"UBE2D1\", \"GRB2\", \"RAC1\", \"NFKBIA\", \"UBB\", \"CALM1\", \"PSMB3\", \"PAK2\", \"PSME2\", \"PSME1\", \"UBA52\", \"PSMA7\", \"PSMA4\")"
"REACTOME_FORMATION_OF_PARAXIAL_MESODERM","1","1","0.0330894161454377","0.119806094182826","0.316722909994682","20","c(\"FGFR1\", \"PSMC5\", \"PSMF1\", \"PSMC3\", \"PSMB5\", \"SNW1\", \"PSMC2\", \"PSMC6\", \"PSMB1\", \"PSMC1\", \"PSMA2\", \"RBPJ\", \"PSMA4\", \"PSMA7\", \"PSME1\", \"PSME2\", \"PSMB3\", \"CTNNB1\")"
"REACTOME_FOXO_MEDIATED_TRANSCRIPTION","0.901898734177215","1","0.0396787203613389","0.27409264629405","0.681372710820509","16","c(\"ABCA6\", \"FOXO3\", \"GADD45A\", \"CITED2\")"
"REACTOME_G1_S_DNA_DAMAGE_CHECKPOINTS","0.725490196078431","1","0.077274697304471","-0.280082987551867","-0.804344973506749","18","c(\"PSMB9\", \"PSMB8\", \"UBB\", \"PSMB3\", \"PSME2\", \"PSME1\", \"UBA52\", \"PSMA7\", \"PSMA4\", \"PSMA2\", \"PSMC1\", \"PSMB1\", \"PSMC6\", \"PSMC2\", \"PSMB5\", \"PSMC3\", \"PSMF1\", \"PSMC5\")"
"REACTOME_G2_M_CHECKPOINTS","0.689349112426035","1","0.0828962134571565","-0.281054823039556","-0.857512686063313","23","c(\"PSMB9\", \"PSMB8\", \"YWHAH\", \"YWHAZ\", \"UBB\", \"PSMB3\", \"YWHAB\", \"PSME2\", \"PSME1\", \"UBA52\", \"PSMA7\", \"PSMA4\", \"PSMA2\", \"PSMC1\", \"PSMB1\", \"PSMC6\", \"UBE2V2\", \"PSMC2\", \"PSMB5\", \"PSMC3\", \"YWHAQ\", \"PSMF1\", \"PSMC5\")"
"REACTOME_GASTRULATION","0.799418604651163","1","0.0741758965588009","-0.259466275063873","-0.779962573607352","22","c(\"CXCR4\", \"PSMB9\", \"PSMB8\")"
"REACTOME_GENE_AND_PROTEIN_EXPRESSION_BY_JAK_STAT_SIGNALING_AFTER_INTERLEUKIN_12_STIMULATION","0.306010928961749","1","0.128788713061714","-0.389319627483834","-1.10822210766812","17","c(\"LCP1\", \"CDC42\", \"GSTO1\", \"CAPZA1\", \"MSN\", \"CFL1\", \"RAP1B\", \"ANXA2\", \"PPIA\", \"PAK2\", \"PSME2\", \"SOD2\")"
"REACTOME_GOLGI_TO_ER_RETROGRADE_TRANSPORT","0.791907514450867","1","0.0743625384422526","-0.267313019390582","-0.785941550884847","20","c(\"TUBA1C\", \"CAPZA1\", \"CAPZA2\", \"TUBB4B\", \"COPE\", \"ARF5\", \"TUBA1B\", \"CAPZB\", \"NAPA\", \"DCTN3\", \"KIF5B\", \"DYNC1I2\", \"ARF4\", \"DYNC1LI2\", \"DCTN2\", \"ACTR10\", \"TMED9\", \"KDELR2\", \"KDELR1\", \"TMED2\")"
"REACTOME_GPCR_LIGAND_BINDING","0.0162696227725424","0.126360736866746","0.352487857583619","-0.549106121248643","-1.63819318021659","21","c(\"FPR1\", \"GPR183\", \"CCL3\", \"CXCR4\", \"C5AR1\", \"CXCL3\", \"CXCL8\", \"CXCL16\", \"CD55\", \"CXCL2\")"
"REACTOME_G_ALPHA_I_SIGNALLING_EVENTS","0.0108570163898566","0.0972955699552535","0.380730400722792","-0.546008193241343","-1.69445821263379","25","c(\"GPSM3\", \"FPR1\", \"GPR183\", \"CXCR4\", \"C5AR1\", \"CXCL3\", \"CXCL8\", \"CXCL16\", \"CXCL2\", \"RGS10\", \"GNAI2\", \"GNAQ\")"
"REACTOME_HEDGEHOG_LIGAND_BIOGENESIS","0.776162790697674","1","0.0756946307932749","-0.264909847434119","-0.796326097978564","22","c(\"PSMB9\", \"PSMB8\", \"UBB\", \"PSMB3\", \"PSME2\", \"PSME1\", \"UBA52\", \"PSMA7\", \"PSMA4\", \"PSMA2\", \"PSMC1\", \"PSMB1\", \"PSMC6\", \"PSMC2\", \"VCP\", \"PSMB5\", \"PSMC3\", \"ERLEC1\", \"PSMF1\", \"OS9\", \"PSMC5\", \"P4HB\")"
"REACTOME_HEDGEHOG_OFF_STATE","0.703488372093023","1","0.0808589150280032","-0.280859916782247","-0.844272433720729","22","c(\"PSMB9\", \"PSMB8\", \"TUBA1C\", \"UBB\", \"TUBB4B\", \"PSMB3\", \"PSME2\", \"PSME1\", \"UBA52\", \"PSMA7\", \"PSMA4\", \"TUBA1B\", \"PSMA2\", \"PSMC1\", \"PSMB1\", \"PSMC6\", \"SKP1\", \"PSMC2\", \"PSMB5\", \"PSMC3\", \"PSMF1\", \"PSMC5\")"
"REACTOME_HEDGEHOG_ON_STATE","0.539325842696629","1","0.0937465422491719","-0.320365173866121","-0.936723570747513","19","c(\"ARRB2\", \"PSMB9\", \"PSMB8\")"
"REACTOME_HEMOSTASIS","0.129032258064516","0.671943091514996","0.271288554688953","-0.29271008355606","-1.19059894729292","99","c(\"DOK2\", \"FCER1G\", \"OLR1\", \"ITGB2\", \"STXBP2\", \"PLEK\", \"CD74\", \"PTPN6\", \"SERPINA1\", \"SLC16A3\", \"PECAM1\", \"TREM1\", \"ARRB2\", \"THBD\", \"SLC7A7\", \"PLAUR\", \"SRGN\", \"ATP1B3\", \"S100A10\", \"PFN1\", \"PPP2R5C\", \"GNAI2\", \"GNAQ\", \"CD9\", \"RHOG\", \"GRB2\", \"TUBA1C\")"
"REACTOME_HIV_INFECTION","0.220394736842105","0.916999530075188","0.170932335370056","-0.339389694900742","-1.17227194099789","42","c(\"CXCR4\", \"NUP214\", \"AP1S2\", \"PSMB9\", \"B2M\", \"PSMB8\", \"HLA-A\", \"AP2S1\", \"CCNH\", \"SLC25A5\")"
"REACTOME_HIV_LIFE_CYCLE","0.427027027027027","1","0.105520936843198","-0.361490686350345","-1.01196944168885","16","c(\"CXCR4\", \"NUP214\", \"CCNH\")"
"REACTOME_HOST_INTERACTIONS_OF_HIV_FACTORS","0.322085889570552","1","0.133554954557592","-0.320680730110492","-1.06725220074992","32","c(\"NUP214\", \"AP1S2\", \"PSMB9\", \"B2M\", \"PSMB8\", \"HLA-A\", \"AP2S1\", \"SLC25A5\", \"RAC1\", \"UBB\", \"PSMB3\", \"PPIA\", \"PAK2\", \"PSME2\", \"PSME1\", \"UBA52\", \"PSMA7\", \"PSMA4\")"
"REACTOME_HSP90_CHAPERONE_CYCLE_FOR_STEROID_HORMONE_RECEPTORS_SHR_IN_THE_PRESENCE_OF_LIGAND","0.319327731092437","1","0.127505315300183","-0.384898384818729","-1.10535482303251","18","c(\"TUBA1C\", \"HSP90AA1\", \"HSPA1A\", \"DNAJA1\", \"CAPZA1\", \"HSPA1B\", \"CAPZA2\", \"HSPA8\", \"TUBB4B\")"
"REACTOME_IMMUNOREGULATORY_INTERACTIONS_BETWEEN_A_LYMPHOID_AND_A_NON_LYMPHOID_CELL","0.218579234972678","0.916999530075188","0.155241966228839","-0.420398185217049","-1.19668912120398","17","c(\"ITGB2\", \"TYROBP\", \"HCST\", \"FCGR3A\", \"TREM1\", \"HLA-B\", \"HLA-C\", \"B2M\", \"CLEC2B\", \"HLA-A\", \"HLA-E\")"
"REACTOME_INFECTIOUS_DISEASE","0.0548887981368495","0.319727249147148","0.321775918075361","-0.280524727782763","-1.24053795309994","167","c(\"CD163\", \"CXCR4\", \"CORO1A\", \"PTPN6\", \"MRC1\", \"FCGR2A\", \"FCGR3A\", \"PYCARD\", \"HLA-B\", \"ARPC1B\", \"CYBA\", \"NUP214\", \"ISG15\", \"ATP1B3\", \"AP1S2\", \"PSMB9\", \"HBEGF\", \"HLA-C\", \"B2M\", \"ARPC2\", \"GNAI2\", \"PSMB8\", \"ACTR2\", \"CD9\", \"ARPC3\", \"GRB2\", \"TUBA1C\", \"BST2\", \"HLA-A\", \"AP2S1\", \"FKBP1A\", \"CCNH\", \"IFNGR2\", \"HLA-E\", \"TXNIP\", \"YWHAH\", \"HSP90AA1\", \"MYH9\", \"CDC42\", \"SLC25A5\")"
"REACTOME_INFLUENZA_INFECTION","0.347962382445141","1","0.129442887745046","-0.310706787963611","-1.05129234974133","35","c(\"NUP214\", \"ISG15\", \"HSP90AA1\", \"HSPA1A\", \"RPS29\", \"RPL28\", \"RPL36AL\", \"UBA52\", \"RPS19\", \"RPL23\", \"RPS10\", \"RPL39\", \"RPS27\", \"FAU\", \"RPLP2\", \"RPL27\", \"RPL10\", \"RPL13A\", \"CANX\", \"RPL6\", \"RPSA\", \"RPL23A\", \"RPS18\", \"RPL12\", \"CALR\", \"RPS5\", \"RPL5\", \"RPL7A\", \"RPL3\", \"RPS4Y1\", \"RPL10A\", \"KPNB1\", \"DNAJC3\", \"RPLP0\", \"TPR\")"
"REACTOME_INNATE_IMMUNE_SYSTEM","2.19712652971376e-14","2.55965240711653e-12","0.97599468306432","-0.496965064249083","-2.23492132679212","213","c(\"FPR1\", \"MNDA\", \"MCEMP1\", \"RNASE6\", \"FCER1G\", \"OLR1\", \"ITGB2\", \"TYROBP\", \"CD53\", \"C5AR1\", \"LYZ\", \"RETN\", \"PTPN6\", \"C1QC\", \"FCGR2A\", \"C1QB\", \"CLEC7A\", \"PTPRC\", \"GMFG\", \"SERPINA1\", \"S100A9\", \"S100A8\", \"CTSS\", \"FABP5\", \"FCGR3A\", \"C1QA\", \"PECAM1\", \"TREM1\", \"NCF2\", \"SLC11A1\", \"COTL1\", \"CTSH\", \"SLPI\", \"VAMP8\", \"PYCARD\", \"CD55\", \"PLAUR\", \"FCN3\", \"HLA-B\", \"ARPC1B\", \"GCA\", \"CYBA\", \"TNFAIP3\", \"CD68\", \"LY96\", \"ISG15\", \"CTSD\", \"LTA4H\", \"LRRFIP1\", \"GRN\", \"RNASET2\", \"S100A11\", \"BRI3\", \"GLIPR1\", \"PSMB9\", \"CSTB\", 
\"RAB31\", \"FTL\", \"CTSZ\", \"HLA-C\", \"B2M\", \"ADGRE5\", \"ASAH1\", \"ARPC2\", \"PSMB8\", \"CTSB\", \"UBE2D1\", \"ATP6V1F\", \"ACTR2\", \"ATP6V0B\", \"ARPC3\", \"RHOG\", \"SDCBP\", \"NPC2\", \"GRB2\", \"BST2\", \"SLC2A3\", \"SERPINB1\", \"HLA-E\", \"YPEL5\", \"TXNIP\", \"HSP90AA1\", \"MYH9\", \"CD47\", \"CDC42\", \"CD44\", \"CNPY3\", \"MAP3K8\", \"STOM\", \"HSPA1A\", \"RAP1A\", \"FTH1\", \"IQGAP1\", \"ATP6V0D1\", \"AGPAT2\")"
"REACTOME_INTEGRIN_CELL_SURFACE_INTERACTIONS","0.000130426207576323","0.00253244219710693","0.518848077743792","0.744477185947266","1.92152249726619","18","c(\"LUM\", \"COL13A1\", \"COL3A1\", \"ITGA8\", \"COL1A2\", \"COL6A3\", \"COL1A1\", \"COL6A1\", \"COL6A2\", \"COL8A1\", \"FN1\")"
"REACTOME_INTERFERON_ALPHA_BETA_SIGNALING","0.00990100828854548","0.0922773972492438","0.380730400722792","-0.567107342486979","-1.66738314986877","20","c(\"PTPN6\", \"ISG20\", \"IFI27\", \"HLA-B\", \"ISG15\", \"HLA-C\", \"PSMB8\", \"BST2\", \"HLA-A\", \"HLA-E\")"
"REACTOME_INTERFERON_GAMMA_SIGNALING","3.23007766427906e-05","0.000836231217530024","0.557332238758646","-0.712067176683373","-2.17255349234602","23","c(\"IFI30\", \"HLA-DQA1\", \"HLA-DRA\", \"HLA-DQB1\", \"PTPN6\", \"HLA-DRB1\", \"HLA-DPB1\", \"HLA-DPA1\", \"HLA-B\", \"HLA-C\", \"B2M\", \"HLA-A\", \"IFNGR2\", \"HLA-E\", \"CD44\")"
"REACTOME_INTERFERON_SIGNALING","1.96471565961853e-05","0.000572223435863897","0.575610261071129","-0.554811548802193","-2.03860968807977","55","c(\"IFI30\", \"HLA-DQA1\", \"HLA-DRA\", \"HLA-DQB1\", \"PTPN6\", \"HLA-DRB1\", \"HLA-DPB1\", \"HLA-DPA1\", \"ISG20\", \"IFI27\", \"HLA-B\", \"NUP214\", \"ISG15\", \"HLA-C\", \"B2M\", \"PSMB8\", \"TUBA1C\", \"BST2\", \"HLA-A\", \"IFNGR2\", \"HLA-E\", \"CD44\", \"HSPA1A\")"
"REACTOME_INTERLEUKIN_12_FAMILY_SIGNALING","0.770348837209302","1","0.0760837160951725","-0.266531260363504","-0.801200108679847","22","c(\"LCP1\", \"CDC42\", \"GSTO1\", \"CAPZA1\", \"MSN\", \"CFL1\", \"RAP1B\", \"ANXA2\", \"JAK1\", \"PPIA\", \"PAK2\", \"PSME2\", \"SOD2\")"
"REACTOME_INTERLEUKIN_12_SIGNALING","0.359550561797753","1","0.119348440591015","-0.358270278081579","-1.0475552324471","19","c(\"LCP1\", \"CDC42\", \"GSTO1\", \"CAPZA1\", \"MSN\", \"CFL1\", \"RAP1B\", \"ANXA2\", \"JAK1\", \"PPIA\", \"PAK2\", \"PSME2\", \"SOD2\")"
"REACTOME_INTERLEUKIN_1_FAMILY_SIGNALING","0.941265060240964","1","0.0353910624222457","0.232888100882574","0.636072900160589","24","c(\"SAA1\", \"PSMC5\", \"PSMF1\", \"STAT3\")"
"REACTOME_INTERLEUKIN_1_SIGNALING","0.785714285714286","1","0.0441523058441465","0.292913068866878","0.787708666495483","22","c(\"SAA1\", \"PSMC5\", \"PSMF1\")"
"REACTOME_INTERLEUKIN_4_AND_INTERLEUKIN_13_SIGNALING","0.102526002971768","0.568775206962428","0.16823816568964","0.476928286810926","1.34078707650231","27","c(\"MMP2\", \"SAA1\", \"COL1A2\", \"NDN\", \"FN1\", \"MAOA\", \"MYC\", \"PIK3R1\", \"FOXO3\", \"CCL2\", \"SOCS3\", \"JUNB\", \"FOS\", \"HSP90B1\", \"ITGB1\")"
"REACTOME_INTRACELLULAR_SIGNALING_BY_SECOND_MESSENGERS","0.746498599439776","1","0.0427591434738678","0.264866355484945","0.830212401039835","47","c(\"PDGFRA\", \"FGFR4\", \"FGF7\", \"FGFR1\", \"PIK3R1\", \"FOXO3\", \"EGR1\", \"JUN\", \"RRAGA\")"
"REACTOME_INTRA_GOLGI_AND_RETROGRADE_GOLGI_TO_ER_TRAFFIC","0.928358208955224","1","0.0356176233437444","0.233145066897172","0.662800891776929","29","c(\"RHOBTB3\", \"GOLIM4\", \"ARL1\", \"MAN1A1\", \"TMED2\", \"KDELR1\", \"KDELR2\", \"TMED9\", \"ACTR10\", \"DCTN2\", \"GOLGA4\", \"DYNC1LI2\", \"ARF4\", \"DYNC1I2\")"
"REACTOME_ION_CHANNEL_TRANSPORT","0.794943820224719","1","0.0727141077934447","-0.261822608172951","-0.765549530463898","19","c(\"SGK1\", \"ATP1B3\", \"ATP6V1F\", \"ATP6V0B\", \"STOM\", \"ATP6V0D1\", \"UBB\", \"ATP6V1G1\", \"CALM1\")"
"REACTOME_IRON_UPTAKE_AND_TRANSPORT","0.525333333333333","1","0.0922597260527354","-0.342461842472069","-0.942359483016949","15","c(\"TFRC\", \"FTL\", \"ATP6V1F\", \"ATP6V0B\", \"FTH1\", \"ATP6V0D1\", \"UBB\", \"ATP6V1G1\")"
"REACTOME_KEAP1_NFE2L2_PATHWAY","0.978461538461538","1","0.0668966276500666","-0.184381803928944","-0.605529150011009","31","c(\"AREG\", \"PGD\", \"PSMB9\", \"PSMB8\")"
"REACTOME_L1CAM_INTERACTIONS","0.252279635258359","1","0.102449405629826","0.427658876975991","1.15007024097929","22","c(\"SCN7A\", \"LAMC1\", \"LAMB1\", \"FGFR1\", \"NRP1\")"
"REACTOME_LEISHMANIA_INFECTION","0.0185514197111223","0.13507752477161","0.352487857583619","-0.48436387088087","-1.54952624040144","28","c(\"CD163\", \"FCGR2A\", \"FCGR3A\", \"PYCARD\", \"ARPC1B\", \"CYBA\", \"ARPC2\", \"GNAI2\", \"ACTR2\", \"ARPC3\", \"GRB2\", \"TXNIP\", \"MYH9\", \"CDC42\", \"RAC1\", \"GNAI3\", \"ACTR3\", \"TXN\", \"GNG5\")"
"REACTOME_MAPK6_MAPK4_SIGNALING","0.970149253731343","1","0.0335297167141207","0.210395644292559","0.598127262647995","29","c(\"MMP2\", \"MYC\", \"FOXO3\", \"JUN\")"
"REACTOME_MAPK_FAMILY_SIGNALING_CASCADES","0.510402219140083","1","0.0598603117764473","0.2992521509435","0.97267903844741","61","c(\"PDGFRA\", \"MMP2\", \"ANGPT1\", \"FGFR4\", \"FGF7\", \"FN1\", \"FGFR1\", \"MYC\", \"PIK3R1\", \"IL6ST\", \"FOXO3\", \"PEBP1\", \"JUN\")"
"REACTOME_MEMBRANE_TRAFFICKING","0.00933350241235862","0.0906127525866483","0.380730400722792","-0.379417905335405","-1.51639683257565","83","c(\"AREG\", \"IL7R\", \"SERPINA1\", \"ARRB2\", \"VAMP8\", \"CD55\", \"TFRC\", \"AP1S2\", \"HBEGF\", \"RAB31\", \"FTL\", \"CTSZ\", \"ARPC2\", \"ACTR2\", \"ARF6\", \"ARPC3\", \"GRB2\", \"TUBA1C\", \"AP2S1\", \"YWHAH\", \"MYH9\", \"RAB11A\", \"FTH1\", \"CAPZA1\", \"YWHAZ\", \"RAC1\", \"CD59\", \"ACTR3\", \"CAPZA2\", \"BLOC1S1\", \"M6PR\", \"UBB\", \"SNX2\", \"RAB5C\", \"HSPA8\", \"CALM1\", \"MAP1LC3B\", \"TUBB4B\", \"CHMP4B\", \"VAMP3\", \"ARPC4\", \"TRAPPC1\", \"CTSC\", \"COPE\")"
"REACTOME_METABOLISM_OF_AMINO_ACIDS_AND_DERIVATIVES","0.612859097127223","1","0.0507027937029348","0.282015885509024","0.927734725018966","70","c(\"INMT\", \"AASS\", \"NNMT\", \"ALDH6A1\", \"CKB\", \"PPM1K\", \"GCSH\", \"SLC44A1\", \"MPST\", \"OAT\", \"TXNRD1\", \"ADI1\", \"PCBD1\", \"ALDH9A1\", \"GRHPR\", \"ECHS1\")"
"REACTOME_METABOLISM_OF_CARBOHYDRATES","0.022241879499921","0.157041149196412","0.352487857583619","0.522594413772046","1.51234440532984","32","c(\"LUM\", \"GPC3\", \"DCN\", \"PRELP\", \"ALDH1A1\", \"ST3GAL4\", \"ST6GALNAC6\", \"BGN\", \"DCXR\", \"SDC2\")"
"REACTOME_METABOLISM_OF_LIPIDS","0.776595744680851","1","0.0862865626267245","-0.226795979340779","-0.844196420976922","60","c(\"TBXAS1\", \"ALOX5AP\", \"FABP5\", \"HPGD\", \"FABP4\", \"ACSL1\", \"LTA4H\", \"GPCPD1\", \"GPX1\", \"TSPO\", \"GLIPR1\", \"PLIN2\", \"ASAH1\")"
"REACTOME_METABOLISM_OF_POLYAMINES","0.710674157303371","1","0.0785029047348687","-0.280276816608997","-0.819508242058297","19","c(\"PSMB9\", \"PSMB8\", \"OAZ1\", \"SAT1\", \"PSMB3\", \"AMD1\", \"PSME2\", \"PSME1\", \"PSMA7\", \"PSMA4\", \"PSMA2\", \"PSMC1\", \"PSMB1\", \"PSMC6\", \"PSMC2\", \"PSMB5\", \"PSMC3\", \"PSMF1\", \"PSMC5\")"
"REACTOME_METABOLISM_OF_RNA","0.985981308411215","1","0.0883594442500905","-0.172276475881694","-0.718980356353396","115","c(\"NUP214\", \"PSMB9\", \"PSMB8\", \"CCNH\", \"NOP10\", \"HSPA1A\", \"YWHAZ\", \"ETF1\", \"UBB\", \"PCBP1\", \"HSPA8\", \"SET\", \"PPP2CA\", \"LSM8\", \"PABPC1\", \"SNRPB\", \"RPS29\", \"ANP32A\", \"PAPOLA\", \"WTAP\", \"PSMB3\", \"RPL28\", \"MAGOH\", \"RPL36AL\", \"RBM8A\", \"YWHAB\", \"SF3B5\", \"PSME2\", \"BCAS2\", \"EIF4A3\", \"YBX1\", \"EIF4E\", \"PSME1\", \"UBA52\", \"RPS19\", \"LSM4\", \"PSMA7\", \"PSMA4\", \"RPL23\", \"RPS10\", \"RPL39\", \"RPS27\", \"FAU\", \"SRSF2\", \"SNU13\", \"RPLP2\", \"PSMA2\", \"BUD31\", \"RPL27\", \"SNRPG\", \"RBM25\", \"RPL10\", \"RPL13A\", \"FBL\", \"RPL6\", \"SNRPD2\", 
\"SRSF5\", \"SNRNP70\", \"SNRPE\", \"NCL\", \"RPSA\", \"RPL23A\", \"U2SURP\", \"SRSF7\", \"NHP2\", \"LSM6\", \"RPS18\", \"PSMC1\", \"RPL12\", \"CWC15\", \"PNRC2\", \"LSM5\", \"PSMB1\", \"HSD17B10\", \"PSMC6\", \"RPS5\", \"SRSF4\", \"IMP3\", \"SRRM2\", \"HNRNPR\", \"HSPB1\", \"PSMC2\", \"TRMT112\", \"SNW1\", \"NSRP1\", \"SRSF11\", \"RPL5\", \"RPL7A\", \"PNN\", \"PSMB5\", \"SNRPN\", \"RPL3\", \"RBMX\", \"PCF11\", \"EIF4A1\", \"SF3B2\", \"GTF2H5\", \"RPS4Y1\", \"PSMC3\", \"RPL10A\", \"RPLP0\", \"LUC7L3\", \"PSMF1\", \"TPR\", \"EIF4A2\", \"PPP2R1A\", \"SRSF10\", \"PSMC5\", \"NOP56\", \"DDX1\", \"CNOT4\", \"ZFP36\"
)"
"REACTOME_METABOLISM_OF_VITAMINS_AND_COFACTORS","0.817610062893082","1","0.0438879842863647","0.296402398186831","0.747795015433066","17","c(\"GPC3\", \"NNMT\", \"LRP1\", \"SDC2\", \"LRP10\")"
"REACTOME_MHC_CLASS_II_ANTIGEN_PRESENTATION","2.15099404430021e-06","7.15973731888499e-05","0.627256739718528","-0.661818320466631","-2.22352823279534","34","c(\"IFI30\", \"HLA-DQA1\", \"HLA-DRA\", \"HLA-DQB1\", \"CD74\", \"HLA-DMB\", \"HLA-DRB1\", \"CTSS\", \"HLA-DPB1\", \"HLA-DPA1\", \"HLA-DMA\", \"CTSH\", \"CTSD\", \"AP1S2\", \"CTSB\", \"TUBA1C\", \"AP2S1\")"
"REACTOME_MITOTIC_G1_PHASE_AND_G1_S_TRANSITION","0.967455621301775","1","0.0655321029282414","-0.190565976069966","-0.58403686753936","24","c(\"PSMB9\", \"CCND3\", \"PSMB8\", \"CCNH\", \"UBB\", \"PPP2CA\", \"PSMB3\", \"PSME2\", \"PSME1\", \"UBA52\", \"PSMA7\", \"PSMA4\")"
"REACTOME_MITOTIC_G2_G2_M_PHASES","0.890282131661442","1","0.0725351864394589","-0.222149406549057","-0.757718972243314","36","c(\"PSMB9\", \"PSMB8\", \"PHLDA1\", \"TUBA1C\", \"CCNH\", \"HSP90AA1\", \"UBB\", \"MAPRE1\", \"PPP2CA\", \"SSNA1\", \"TUBB4B\", \"PSMB3\", \"PSME2\", \"PSME1\", \"UBA52\", \"PSMA7\", \"PSMA4\", \"TUBA1B\", \"PSMA2\", \"TUBB\", \"DCTN3\", \"PSMC1\", \"PSMB1\", \"PSMC6\", \"PCM1\", \"SKP1\", \"PSMC2\", \"PSMB5\", \"DYNC1I2\", \"PSMC3\", \"DCTN2\", \"PPP1CB\", \"PSMF1\", \"PPP2R1A\", \"PSMC5\")"
"REACTOME_MITOTIC_METAPHASE_AND_ANAPHASE","0.479623824451411","1","0.107554375265169","-0.283414975507348","-0.958949102804589","35","c(\"PSMB9\", \"PPP2R5C\", \"PSMB8\", \"UBE2D1\", \"TUBA1C\", \"UBB\", \"MAPRE1\", \"PPP2CA\", \"TUBB4B\", \"CHMP4B\", \"PSMB3\", \"PSME2\", \"PSME1\", \"UBA52\", \"PSMA7\", \"PSMA4\", \"RPS27\", \"CHMP4A\", \"TUBA1B\", \"PSMA2\", \"ANAPC16\", \"PSMC1\", \"PSMB1\", \"PSMC6\", \"SMC3\", \"PSMC2\", \"NUDC\", \"PSMB5\", \"DYNC1I2\", \"DYNC1LI2\", \"PSMC3\", \"KPNB1\", \"PSMF1\", \"PPP2R1A\", \"PSMC5\")"
"REACTOME_MITOTIC_PROMETAPHASE","0.950867052023121","1","0.0652353056017703","-0.208433260111347","-0.61282596740467","20","c(\"PPP2R5C\", \"TUBA1C\", \"HSP90AA1\", \"MAPRE1\", \"PPP2CA\", \"SSNA1\", \"TUBB4B\")"
"REACTOME_MRNA_SPLICING","0.430379746835443","1","0.115240003147781","-0.289418360196216","-0.987329133178022","37","c(\"PCBP1\", \"HSPA8\", \"LSM8\", \"SNRPB\", \"MAGOH\", \"RBM8A\", \"SF3B5\", \"BCAS2\", \"EIF4A3\", \"YBX1\", \"LSM4\", \"SRSF2\", \"SNU13\", \"BUD31\", \"SNRPG\", \"RBM25\", \"SNRPD2\", \"SRSF5\", \"SNRNP70\", \"SNRPE\", \"U2SURP\", \"SRSF7\", \"LSM6\", \"CWC15\", \"LSM5\", \"SRSF4\", \"SRRM2\", \"HNRNPR\", \"SNW1\", \"NSRP1\", \"SRSF11\", \"PNN\", \"SNRPN\", \"RBMX\", \"SF3B2\", \"LUC7L3\", \"SRSF10\")"
"REACTOME_MUSCLE_CONTRACTION","0.0861812778603269","0.489761896133077","0.184706471207739","0.496181168467319","1.39491264553268","27","c(\"SCN7A\", \"FXYD1\", \"CES1\", \"MYLK\", \"ANXA6\", \"CALD1\", \"FXYD6\", \"ASPH\", \"AKAP9\")"
"REACTOME_MYD88_INDEPENDENT_TLR4_CASCADE","0.821371610845295","1","0.0443293451680314","0.306380157355558","0.7482041656601","15","c(\"SAA1\", \"JUN\", \"FOS\", \"PPP2R1A\", \"TANK\")"
"REACTOME_M_PHASE","0.798611111111111","1","0.0835990603684159","-0.238941858899565","-0.836907490966358","47","c(\"NUP214\", \"PSMB9\", \"PPP2R5C\", \"PSMB8\", \"UBE2D1\", \"TUBA1C\", \"HSP90AA1\", \"UBB\", \"SET\", \"MAPRE1\", \"PPP2CA\", \"SSNA1\", \"TUBB4B\", \"CHMP4B\", \"PSMB3\", \"PSME2\", \"PSME1\", \"UBA52\", \"PSMA7\", \"PSMA4\", \"CSNK2B\", \"RPS27\", \"CHMP4A\", \"TUBA1B\", \"PSMA2\", \"ANAPC16\", \"TUBB\", \"DCTN3\", \"PSMC1\", \"PSMB1\", \"PSMC6\", \"PCM1\", \"SMC3\", \"PSMC2\", \"NUDC\", \"PSMB5\", \"DYNC1I2\", \"DYNC1LI2\", \"PSMC3\", \"DCTN2\", \"KPNB1\", \"RAB2A\", \"PSMF1\", \"TPR\", \"PPP2R1A\", \"PSMC5\")"
"REACTOME_NEDDYLATION","0.993865030674847","1","0.065981614400873","-0.134477809914256","-0.447553361044074","32","c(\"EPAS1\", \"PSMB9\", \"PSMB8\", \"UBE2D1\")"
"REACTOME_NEGATIVE_REGULATION_OF_NOTCH4_SIGNALING","0.73121387283237","1","0.0785029047348687","-0.280470914127424","-0.824627793026847","20","c(\"PSMB9\", \"PSMB8\", \"YWHAZ\", \"UBB\", \"PSMB3\", \"PSME2\", \"PSME1\", \"UBA52\", \"PSMA7\", \"PSMA4\", \"PSMA2\", \"PSMC1\", \"PSMB1\", \"PSMC6\", \"SKP1\", \"PSMC2\", \"PSMB5\", \"PSMC3\", \"PSMF1\", \"PSMC5\")"
"REACTOME_NEGATIVE_REGULATION_OF_THE_PI3K_AKT_NETWORK","0.253588516746411","1","0.105125131597001","0.484840823727074","1.18401898845454","15","c(\"PDGFRA\", \"FGFR4\", \"FGF7\", \"FGFR1\", \"PIK3R1\")"
"REACTOME_NERVOUS_SYSTEM_DEVELOPMENT","0.242424242424242","0.990962254120149","0.0937465422491719","0.322196512199126","1.13904254402889","111","c(\"SCN7A\", \"SLIT2\", \"MMP2\", \"COL3A1\", \"MYH10\", \"COL6A3\", \"COL6A1\", \"LAMA2\", \"COL6A2\", \"LAMC1\", \"LAMB1\", \"FGFR1\", \"MYO10\", \"PMP22\", \"ROCK2\")"
"REACTOME_NEURONAL_SYSTEM","0.66966966966967","1","0.0509082865515105","0.31348891682396","0.865723589582213","25","c(\"PTPRS\", \"GNAI1\", \"MAOA\", \"EPB41L2\", \"SLC38A2\", \"ARL6IP5\", \"PPFIBP1\")"
"REACTOME_NEUTROPHIL_DEGRANULATION","5.70522613531692e-15","1.32931768952884e-12","0.996986217533181","-0.581471313570683","-2.47411314372224","130","c(\"FPR1\", \"MNDA\", \"MCEMP1\", \"FCER1G\", \"OLR1\", \"ITGB2\", \"TYROBP\", \"CD53\", \"C5AR1\", \"LYZ\", \"RETN\", \"PTPN6\", \"FCGR2A\", \"PTPRC\", \"GMFG\", \"SERPINA1\", \"S100A9\", \"S100A8\", \"CTSS\", \"FABP5\", \"PECAM1\", \"SLC11A1\", \"COTL1\", \"CTSH\", \"SLPI\", \"VAMP8\", \"PYCARD\", \"CD55\", \"PLAUR\", \"HLA-B\", \"GCA\", \"CYBA\", \"CD68\", \"CTSD\", \"LTA4H\", \"GRN\", \"RNASET2\", \"S100A11\", \"BRI3\", \"GLIPR1\", \"CSTB\", \"RAB31\", \"FTL\", \"CTSZ\", \"HLA-C\", \"B2M\", \"ADGRE5\", \"ASAH1\", \"CTSB\", \"ACTR2\", \"RHOG\", \"SDCBP\", \"NPC2\", \"BST2\", \"SLC2A3\", \"SERPINB1\", \"YPEL5\", 
\"HSP90AA1\", \"CD47\", \"CD44\", \"STOM\", \"HSPA1A\", \"RAP1A\", \"FTH1\", \"IQGAP1\", \"AGPAT2\", \"CMTM6\", \"CAP1\", \"HSPA1B\", \"RAC1\", \"CD59\", \"LAMTOR2\", \"RHOA\")"
"REACTOME_NONSENSE_MEDIATED_DECAY_NMD","0.387301587301587","1","0.122679189568808","-0.300699300699301","-1.01026726521455","34","c(\"ETF1\", \"PPP2CA\", \"PABPC1\", \"RPS29\", \"RPL28\", \"MAGOH\", \"RPL36AL\", \"RBM8A\", \"EIF4A3\", \"UBA52\", \"RPS19\", \"RPL23\", \"RPS10\", \"RPL39\", \"RPS27\", \"FAU\", \"RPLP2\", \"RPL27\", \"RPL10\", \"RPL13A\", \"RPL6\", \"RPSA\", \"RPL23A\", \"RPS18\", \"RPL12\", \"PNRC2\", \"RPS5\", \"RPL5\", \"RPL7A\", \"RPL3\", \"RPS4Y1\", \"RPL10A\", \"RPLP0\", \"PPP2R1A\")"
"REACTOME_NUCLEAR_EVENTS_MEDIATED_BY_NFE2L2","0.953560371517028","1","0.0684714904492087","-0.202440496601565","-0.647626465271963","28","c(\"AREG\", \"PGD\", \"PSMB9\", \"PSMB8\")"
"REACTOME_ORC1_REMOVAL_FROM_CHROMATIN","0.710674157303371","1","0.0785029047348687","-0.280276816608997","-0.819508242058297","19","c(\"PSMB9\", \"PSMB8\", \"UBB\", \"PSMB3\", \"PSME2\", \"PSME1\", \"UBA52\", \"PSMA7\", \"PSMA4\", \"PSMA2\", \"PSMC1\", \"PSMB1\", \"PSMC6\", \"SKP1\", \"PSMC2\", \"PSMB5\", \"PSMC3\", \"PSMF1\", \"PSMC5\")"
"REACTOME_ORGANELLE_BIOGENESIS_AND_MAINTENANCE","0.998527245949926","1","0.0314928902471297","0.162952646239554","0.461532798857316","28","c(\"DYNC2LI1\", \"AKAP9\", \"CHD9\", \"ARL3\", \"PPP2R1A\", \"DCTN2\", \"ARF4\", \"DYNC1I2\", \"CCT3\", \"HSPA9\", \"GLUD1\", \"NCOR1\", \"PCM1\", \"DCTN3\", \"CCT2\", \"TUBB\", \"CCT8\", \"TUBA1B\", \"DYNLRB1\", \"SOD2\", \"TUBB4B\", \"SSNA1\", \"CALM1\", \"MAPRE1\", \"CYCS\", \"RAB11A\", \"HSP90AA1\", \"TUBA1C\")"
"REACTOME_PCP_CE_PATHWAY","0.300595238095238","1","0.136490437780413","-0.349542159017813","-1.0847540189707","25","c(\"ARRB2\", \"PSMB9\", \"PFN1\", \"PSMB8\", \"AP2S1\", \"RAC1\", \"RHOA\", \"UBB\")"
"REACTOME_PHASE_I_FUNCTIONALIZATION_OF_COMPOUNDS","0.00534558110269769","0.0566145634967528","0.407017918923954","0.682582679605133","1.66691997515788","15","c(\"ADH1B\", \"FMO2\", \"MAOB\", \"AOC3\", \"CES1\", \"ALDH1A1\", \"CYP4B1\", \"MAOA\", \"ADH5\", \"EPHX1\")"
"REACTOME_PLATELET_ACTIVATION_SIGNALING_AND_AGGREGATION","0.762237762237762","1","0.0417397034728504","0.260292496613472","0.841001615445349","59","c(\"RARRES2\", \"COL1A2\", \"COL1A1\", \"CFD\", \"A2M\", \"QSOX1\", \"SERPING1\", \"FN1\", \"GNAI1\", \"CLU\", \"TIMP3\", \"CALU\", \"LGALS3BP\", \"PIK3R1\", \"MAGED2\")"
"REACTOME_POST_TRANSLATIONAL_PROTEIN_MODIFICATION","0.554360812425329","1","0.0490939668192139","0.264319875116667","0.969424309536445","159","c(\"GPC3\", \"CHRDL1\", \"ADAMTS8\", \"MXRA8\", \"SPON1\", \"FSTL1\", \"LSAMP\", \"LAMC1\", \"LAMB1\", \"IGFBP5\", \"ST3GAL4\", \"QSOX1\", \"FN1\", \"MFGE8\", \"C3\", \"FSTL3\", \"ADAMTS1\", \"HIF3A\", \"ZBTB16\", \"ST6GALNAC6\", \"SPON2\", \"RAB34\", \"MYC\", \"IGFBP7\", \"CALU\", \"ASPH\", \"SPARCL1\", \"LMAN1\")"
"REACTOME_POTENTIAL_THERAPEUTICS_FOR_SARS","0.900306748466258","1","0.0383205781976994","0.253951938338759","0.674619957041322","21","c(\"FXYD1\", \"ROCK2\", \"FXYD6\", \"IMPDH2\")"
"REACTOME_PROCESSING_OF_CAPPED_INTRON_CONTAINING_PRE_MRNA","0.396039603960396","1","0.12384217120105","-0.29064039408867","-1.01552464716943","43","c(\"NUP214\", \"PCBP1\", \"HSPA8\", \"LSM8\", \"SNRPB\", \"PAPOLA\", \"WTAP\", \"MAGOH\", \"RBM8A\", \"SF3B5\", \"BCAS2\", \"EIF4A3\", \"YBX1\", \"EIF4E\", \"LSM4\", \"SRSF2\", \"SNU13\", \"BUD31\", \"SNRPG\", \"RBM25\", \"SNRPD2\", \"SRSF5\", \"SNRNP70\", \"SNRPE\", \"U2SURP\", \"SRSF7\", \"LSM6\", \"CWC15\", \"LSM5\", \"SRSF4\", \"SRRM2\", \"HNRNPR\", \"SNW1\", \"NSRP1\", \"SRSF11\", \"PNN\", \"SNRPN\", \"RBMX\", \"PCF11\", \"SF3B2\", \"LUC7L3\", \"TPR\", \"SRSF10\")"
"REACTOME_PROGRAMMED_CELL_DEATH","0.652173913043478","1","0.0928481214159878","-0.251039016290445","-0.901687606552835","49","c(\"LY96\", \"PSMB9\", \"BAX\", \"PSMB8\", \"SDCBP\", \"YWHAH\", \"HSP90AA1\", \"YWHAZ\", \"CFLAR\", \"UBB\", \"CYCS\", \"DBNL\", \"CHMP4B\", \"CTNNB1\", \"PSMB3\", \"BCAP31\", \"YWHAB\", \"CD14\", \"PAK2\", \"PSME2\", \"UBE2L3\", \"HMGB2\", \"PSME1\", \"UBA52\", \"FLOT1\", \"PSMA7\", \"PSMA4\")"
"REACTOME_PROTEIN_FOLDING","0.89344262295082","1","0.0655321029282414","-0.241188666205943","-0.686558275358241","17","c(\"GNAQ\", \"TUBA1C\", \"GNG5\", \"TUBB4B\", \"PFDN5\", \"CSNK2B\", \"GNB2\", \"TUBA1B\", \"TBCA\", \"CCT8\", \"FBXL5\", \"CCT2\", \"CCT3\", \"STAT3\", \"CCT7\", \"NOP56\", \"ARL2\")"
"REACTOME_PROTEIN_LOCALIZATION","0.897142857142857","1","0.0675188953767744","-0.229383229383229","-0.684337739993084","21","c(\"UBE2D1\", \"COX17\", \"CHCHD10\", \"SERP1\", \"UBB\", \"ZFAND6\", \"CHCHD5\", \"CYB5A\", \"UBA52\", \"UBE2D3\", \"NDUFB8\", \"TIMM8B\", \"VAMP2\", \"VDAC1\", \"CYC1\", \"HSPA9\", \"TOMM7\", \"CAMLG\", \"CAT\", \"DNAJC19\", \"PRNP\")"
"REACTOME_PTEN_REGULATION","0.966867469879518","1","0.066436413766281","-0.196515679442509","-0.637058193264439","29","c(\"PSMB9\", \"PSMB8\", \"LAMTOR2\", \"UBB\", \"LAMTOR4\", \"PSMB3\", \"PSME2\", \"PSME1\", \"UBA52\", \"PSMA7\", \"PSMA4\", \"CSNK2B\", \"PSMA2\", \"MAF1\", \"STUB1\", \"PSMC1\", \"PSMB1\", \"PSMC6\", \"PSMC2\", \"RHEB\", \"PSMB5\", \"TNRC6B\", \"RBBP7\", \"PSMC3\", \"PSMF1\", \"PSMC5\", \"RRAGA\", \"JUN\", \"EGR1\")"
"REACTOME_RAC1_GTPASE_CYCLE","0.372549019607843","1","0.116739204791222","-0.366143539894261","-1.05149448193949","18","c(\"NCF2\", \"ARHGDIB\", \"CYBA\", \"TFRC\", \"CDC42\", \"IQGAP1\", \"RAC1\")"
"REACTOME_RAC2_GTPASE_CYCLE","0.442666666666667","1","0.102449405629826","-0.367251607602123","-1.01057400316155","15","c(\"NCF2\", \"CYBA\", \"TFRC\", \"CDC42\", \"IQGAP1\")"
"REACTOME_RAC3_GTPASE_CYCLE","0.429333333333333","1","0.104343952581949","-0.373974254899296","-1.02907285367798","15","c(\"NCF2\", \"ARHGDIB\", \"CYBA\", \"TFRC\")"
"REACTOME_REGULATED_NECROSIS","0.173333333333333","0.82421768707483","0.173747838999571","-0.466113330062858","-1.2826138923234","15","c(\"BAX\", \"SDCBP\", \"HSP90AA1\", \"CFLAR\", \"UBB\", \"CYCS\", \"CHMP4B\", \"UBE2L3\", \"UBA52\", \"FLOT1\", \"CDC37\", \"CHMP4A\", \"CASP4\")"
"REACTOME_REGULATION_OF_EXPRESSION_OF_SLITS_AND_ROBOS","0.97724039829303","1","0.0308468245215279","0.202771130496665","0.636208806554759","49","c(\"SLIT2\", \"PSMC5\", \"PSMF1\", \"RPLP0\", \"RPL10A\", \"PSMC3\", \"RPS4Y1\", \"RPL3\", \"PSMB5\", \"RPL7A\", \"RPL5\", \"PSMC2\", \"RPS5\", \"PSMC6\", \"PSMB1\", \"RPL12\", \"PSMC1\", \"RPS18\", \"RPL23A\", \"RPSA\", \"RPL6\", \"RPL13A\", \"RPL10\", \"RPL27\", \"PSMA2\", \"RPLP2\", \"FAU\", \"RPS27\", \"RPL39\", \"RPS10\", \"RPL23\", \"PSMA4\", \"PSMA7\", \"RPS19\", \"UBA52\", \"PSME1\", \"EIF4A3\", \"PSME2\", \"RBM8A\", \"RPL36AL\", \"MAGOH\", \"RPL28\", \"PSMB3\", \"RPS29\", \"PABPC1\", \"UBB\", \"ETF1\")"
"REACTOME_REGULATION_OF_HSF1_MEDIATED_HEAT_SHOCK_RESPONSE","0.963483146067416","1","0.0632191170859458","-0.205816963749533","-0.601793256355766","19","c(\"NUP214\", \"HSPH1\", \"HSPA1A\", \"HSPA1B\", \"DNAJB6\", \"UBB\", \"HSPA8\")"
"REACTOME_REGULATION_OF_INSULIN_LIKE_GROWTH_FACTOR_IGF_TRANSPORT_AND_UPTAKE_BY_INSULIN_LIKE_GROWTH_FACTOR_BINDING_PROTEINS_IGFBPS","0.000572727290710084","0.00844116564302857","0.477270815362862","0.648996932236019","1.85781895859193","30","c(\"GPC3\", \"CHRDL1\", \"MMP2\", \"MXRA8\", \"FSTL1\", \"LAMC1\", \"LAMB1\", \"IGFBP6\", \"IGFBP5\", \"QSOX1\", \"FN1\", \"MFGE8\", \"C3\", \"FSTL3\", \"IGFBP7\", \"CALU\", \"SPARCL1\")"
"REACTOME_REGULATION_OF_MRNA_STABILITY_BY_PROTEINS_THAT_BIND_AU_RICH_ELEMENTS","0.408668730650155","1","0.117249716749792","-0.317906762829746","-1.01701406859663","28","c(\"NUP214\", \"PSMB9\", \"PSMB8\", \"HSPA1A\", \"YWHAZ\", \"UBB\", \"HSPA8\", \"SET\", \"PABPC1\", \"ANP32A\", \"PSMB3\", \"YWHAB\", \"PSME2\", \"PSME1\", \"UBA52\", \"PSMA7\", \"PSMA4\")"
"REACTOME_REGULATION_OF_PLK1_ACTIVITY_AT_G2_M_TRANSITION","0.978666666666667","1","0.059989249649033","-0.183574879227053","-0.505146871355205","15","c(\"HSP90AA1\", \"UBB\", \"MAPRE1\", \"SSNA1\", \"TUBB4B\", \"UBA52\", \"TUBB\", \"DCTN3\", \"PCM1\", \"SKP1\", \"DYNC1I2\", \"DCTN2\", \"PPP1CB\", \"PPP2R1A\", \"AKAP9\")"
"REACTOME_REGULATION_OF_PTEN_STABILITY_AND_ACTIVITY","0.73121387283237","1","0.0785029047348687","-0.280470914127424","-0.824627793026847","20","c(\"PSMB9\", \"PSMB8\", \"UBB\", \"PSMB3\", \"PSME2\", \"PSME1\", \"UBA52\", \"PSMA7\", \"PSMA4\", \"CSNK2B\", \"PSMA2\", \"STUB1\", \"PSMC1\", \"PSMB1\", \"PSMC6\", \"PSMC2\", \"PSMB5\", \"PSMC3\", \"PSMF1\", \"PSMC5\")"
"REACTOME_REGULATION_OF_RAS_BY_GAPS","0.725490196078431","1","0.077274697304471","-0.280082987551867","-0.804344973506749","18","c(\"PSMB9\", \"PSMB8\", \"UBB\", \"PSMB3\", \"PSME2\", \"PSME1\", \"UBA52\", \"PSMA7\", \"PSMA4\", \"PSMA2\", \"PSMC1\", \"PSMB1\", \"PSMC6\", \"PSMC2\", \"PSMB5\", \"PSMC3\", \"PSMF1\", \"PSMC5\")"
"REACTOME_REGULATION_OF_RUNX2_EXPRESSION_AND_ACTIVITY","0.73121387283237","1","0.0785029047348687","-0.280470914127424","-0.824627793026847","20","c(\"PSMB9\", \"PSMB8\", \"UBB\", \"PSMB3\", \"PSME2\", \"PSME1\", \"UBA52\", \"PSMA7\", \"PSMA4\", \"PSMA2\", \"STUB1\", \"PSMC1\", \"PSMB1\", \"PSMC6\", \"SKP1\", \"PSMC2\", \"PSMB5\", \"PSMC3\", \"PSMF1\", \"PSMC5\")"
"REACTOME_REGULATION_OF_RUNX3_EXPRESSION_AND_ACTIVITY","0.725490196078431","1","0.077274697304471","-0.280082987551867","-0.804344973506749","18","c(\"PSMB9\", \"PSMB8\", \"UBB\", \"PSMB3\", \"PSME2\", \"PSME1\", \"UBA52\", \"PSMA7\", \"PSMA4\", \"PSMA2\", \"PSMC1\", \"PSMB1\", \"PSMC6\", \"PSMC2\", \"PSMB5\", \"PSMC3\", \"PSMF1\", \"PSMC5\")"
"REACTOME_RESPIRATORY_ELECTRON_TRANSPORT","0.894736842105263","1","0.0747385227439092","-0.220383847302371","-0.761218753319219","42","c(\"COX5A\", \"CYCS\", \"COX4I1\", \"NDUFA3\", \"UQCRB\", \"COX7B\", \"MT-CO1\", \"NDUFA12\", \"MT-CO3\", \"COX6B1\", \"MT-ND3\", \"UQCR11\", \"NDUFB1\", \"UQCRH\", \"COX14\", \"COX7C\", \"NDUFB2\", \"MT-CO2\", \"NDUFB8\", \"NDUFA1\", \"MT-ND1\", \"UQCR10\", \"NDUFV2\", \"NDUFA13\", \"UQCRC1\", \"UQCRFS1\", \"NDUFS7\", \"COX8A\", \"COQ10B\", \"MT-ND5\", \"SDHC\", \"SDHB\", \"NDUFC2\", \"ETFB\", \"CYC1\", \"NDUFA5\", \"NDUFS4\", \"NDUFV1\", \"NDUFS2\", \"NDUFA4\", \"SDHD\")"
"REACTOME_RESPIRATORY_ELECTRON_TRANSPORT_ATP_SYNTHESIS_BY_CHEMIOSMOTIC_COUPLING_AND_HEAT_PRODUCTION_BY_UNCOUPLING_PROTEINS","0.831683168316832","1","0.0787113806986485","-0.22655099731924","-0.791590316755188","43","c(\"UCP2\", \"COX5A\", \"CYCS\", \"COX4I1\", \"NDUFA3\", \"UQCRB\", \"COX7B\", \"MT-CO1\", \"NDUFA12\", \"MT-CO3\", \"COX6B1\", \"MT-ND3\", \"UQCR11\", \"NDUFB1\", \"UQCRH\", \"COX14\", \"COX7C\", \"NDUFB2\", \"MT-CO2\", \"NDUFB8\", \"NDUFA1\", \"MT-ND1\", \"UQCR10\", \"NDUFV2\", \"NDUFA13\", \"UQCRC1\", \"UQCRFS1\", \"NDUFS7\", \"COX8A\", \"COQ10B\", \"MT-ND5\", \"SDHC\", \"SDHB\", \"NDUFC2\", \"ETFB\", \"CYC1\", \"NDUFA5\", \"NDUFS4\", \"NDUFV1\", \"NDUFS2\", \"NDUFA4\")"
"REACTOME_RESPONSE_OF_EIF2AK4_GCN2_TO_AMINO_ACID_DEFICIENCY","0.282674772036474","1","0.142901149386948","-0.338912133891213","-1.10500128906038","30","c(\"RPS29\", \"RPL28\", \"RPL36AL\", \"CEBPB\", \"UBA52\", \"RPS19\", \"RPL23\", \"RPS10\", \"RPL39\", \"RPS27\", \"EIF2S2\", \"FAU\", \"RPLP2\", \"RPL27\", \"RPL10\", \"RPL13A\", \"RPL6\", \"RPSA\", \"DDIT3\", \"RPL23A\", \"RPS18\", \"RPL12\", \"ATF3\", \"RPS5\", \"RPL5\", \"RPL7A\", \"RPL3\", \"RPS4Y1\", \"RPL10A\", \"RPLP0\")"
"REACTOME_RESPONSE_TO_ELEVATED_PLATELET_CYTOSOLIC_CA2","0.603746397694525","1","0.05378728077603","0.300630133418797","0.912776858594072","39","c(\"RARRES2\", \"CFD\", \"A2M\", \"QSOX1\", \"SERPING1\", \"FN1\", \"CLU\", \"TIMP3\", \"CALU\", \"LGALS3BP\", \"MAGED2\", \"FAM3C\", \"ACTN1\", \"SPARC\", \"PHACTR2\", \"TLN1\")"
"REACTOME_RHOA_GTPASE_CYCLE","0.748554913294798","1","0.077274697304471","-0.27822624492486","-0.818028118988119","20","c(\"ARHGAP18\", \"ARHGDIB\", \"TFRC\", \"STOM\", \"IQGAP1\", \"RHOA\")"
"REACTOME_RHOC_GTPASE_CYCLE","0.882666666666667","1","0.0649407684612899","-0.254746037340895","-0.700990049917056","15","c(\"ARHGAP18\", \"TFRC\", \"STOM\", \"IQGAP1\", \"RHOA\")"
"REACTOME_RHO_GTPASES_ACTIVATE_FORMINS","0.442577030812325","1","0.105520936843198","-0.348010979541834","-0.999421223567878","18","c(\"PFN1\", \"PPP2R5C\", \"TUBA1C\", \"CDC42\", \"RAC1\", \"RHOA\", \"MAPRE1\", \"PPP2CA\", \"TUBB4B\")"
"REACTOME_RHO_GTPASE_CYCLE","0.98576512455516","1","0.0738052724171275","-0.16980558617919","-0.626267980960739","57","c(\"NCF2\", \"ARHGAP18\", \"ARHGDIB\", \"CYBA\", \"TFRC\", \"TPM3\", \"RHOG\", \"GRB2\", \"HSP90AA1\", \"CDC42\", \"STOM\", \"IQGAP1\", \"RAC1\", \"HSPE1\", \"RHOA\")"
"REACTOME_RHO_GTPASE_EFFECTORS","0.133105802047782","0.671943091514996","0.227987202850442","-0.342383748730013","-1.254216367","52","c(\"S100A9\", \"S100A8\", \"NCF2\", \"ARPC1B\", \"CYBA\", \"PFN1\", \"PPP2R5C\", \"ARPC2\", \"ACTR2\", \"ARPC3\", \"RHOG\", \"GRB2\", \"TUBA1C\", \"YWHAH\", \"MYH9\", \"CDC42\", \"IQGAP1\", \"YWHAZ\", \"RAC1\", \"CFL1\", \"RHOA\", \"ACTR3\", \"MAPRE1\", \"PPP2CA\", \"MYL6\", \"CALM1\", \"TUBB4B\")"
"REACTOME_RNA_POLYMERASE_II_TRANSCRIPTION","1","1","0.0922597260527354","-0.113624152154543","-0.483884848822024","131","c(\"SPI1\", \"RETN\", \"SGK1\", \"NR4A2\", \"ZNF331\", \"PSMB9\", \"CCND3\", \"ELF1\", \"PPP2R5C\", \"BAX\", \"PSMB8\", \"UBE2D1\", \"APOE\", \"BTG1\", \"SLC2A3\", \"CCNH\", \"TXNIP\", \"YWHAH\", \"NAMPT\", \"COX5A\", \"YWHAZ\", \"LAMTOR2\", \"CBX3\", \"PRELID1\", \"TXN\", \"HES1\", \"UBB\", \"CYCS\", \"PPP2CA\", \"COX4I1\", \"SNRPB\", \"CALM1\", \"PAPOLA\", \"LAMTOR4\", \"PRDX1\", \"COX7B\", \"CTNNB1\", \"MT-CO1\", \"PSMB3\", \"KLF4\", \"CAV1\", \"MT-CO3\", \"MAGOH\", \"RBM8A\", \"COX6B1\", \"YWHAB\", \"PSME2\", \"SOD2\", \"EIF4A3\", \"ZNF706\", \"CEBPB\", \"YBX1\", \"TMEM219\", \"TGIF1\", \"PSME1\", \"UBA52\", 
\"SSU72\", \"PSMA7\", \"UBE2D3\", \"DDIT4\", \"COX14\", \"PSMA4\", \"LGALS3\", \"COX7C\", \"MT-CO2\")"
"REACTOME_RRNA_PROCESSING","0.849529780564263","1","0.0749278818393739","-0.226190476190476","-0.77150246679784","36","c(\"NOP10\", \"RPS29\", \"RPL28\", \"RPL36AL\", \"UBA52\", \"RPS19\", \"RPL23\", \"RPS10\", \"RPL39\", \"RPS27\", \"FAU\", \"SNU13\", \"RPLP2\", \"RPL27\", \"RPL10\", \"RPL13A\", \"FBL\", \"RPL6\", \"NCL\", \"RPSA\", \"RPL23A\", \"NHP2\", \"RPS18\", \"RPL12\", \"HSD17B10\", \"RPS5\", \"IMP3\", \"TRMT112\", \"RPL5\", \"RPL7A\", \"RPL3\", \"RPS4Y1\", \"RPL10A\", \"RPLP0\", \"NOP56\", \"THUMPD1\")"
"REACTOME_RUNX1_REGULATES_TRANSCRIPTION_OF_GENES_INVOLVED_IN_DIFFERENTIATION_OF_HSCS","0.38728323699422","1","0.116234148779716","-0.351820101962928","-1.03440542177704","20","c(\"SPI1\", \"PSMB9\", \"PSMB8\", \"CCNH\")"
"REACTOME_SARS_COV_1_HOST_INTERACTIONS","0.428994082840237","1","0.11101149245045","-0.328367962988202","-1.00636535681217","24","c(\"PYCARD\", \"BST2\", \"FKBP1A\", \"YWHAH\", \"YWHAZ\", \"NFKBIA\", \"UBB\", \"RPS29\", \"CAV1\", \"PPIA\", \"YWHAB\", \"UBA52\", \"RPS19\", \"RPS10\", \"RPS27\", \"FAU\")"
"REACTOME_SARS_COV_1_INFECTION","0.94392523364486","1","0.0692836467392548","-0.199747072565647","-0.672138906415085","33","c(\"PYCARD\", \"BST2\", \"FKBP1A\", \"YWHAH\", \"MGAT1\", \"YWHAZ\", \"NFKBIA\", \"UBB\", \"RPS29\", \"MAP1LC3B\", \"CHMP4B\", \"CAV1\", \"PPIA\", \"YWHAB\")"
"REACTOME_SARS_COV_2_HOST_INTERACTIONS","0.0124061296435658","0.107060303961142","0.380730400722792","-0.457672131021343","-1.53765296792033","34","c(\"PTPN6\", \"HLA-B\", \"NUP214\", \"ISG15\", \"HLA-C\", \"B2M\", \"HLA-A\", \"HLA-E\", \"YWHAH\", \"HSP90AA1\", \"YWHAZ\", \"UBB\", \"SNRPB\", \"RPS29\", \"MAP1LC3B\")"
"REACTOME_SARS_COV_2_INFECTION","0.936454849498328","1","0.0732558655828455","-0.190487037016935","-0.699148475292375","51","c(\"PTPN6\", \"HLA-B\", \"NUP214\", \"ISG15\", \"HLA-C\", \"B2M\", \"HLA-A\", \"HLA-E\", \"YWHAH\", \"HSP90AA1\", \"MGAT1\", \"YWHAZ\", \"UBB\", \"SNRPB\", \"RPS29\", \"MAP1LC3B\", \"CHMP4B\", \"RPN1\", \"JAK1\")"
"REACTOME_SARS_COV_INFECTIONS","0.942307692307692","1","0.0802023444698144","-0.192708758851358","-0.755410575122899","77","c(\"PTPN6\", \"PYCARD\", \"HLA-B\", \"NUP214\", \"ISG15\", \"ATP1B3\", \"HLA-C\", \"B2M\", \"GRB2\", \"BST2\", \"HLA-A\", \"AP2S1\", \"FKBP1A\", \"IFNGR2\", \"HLA-E\", \"YWHAH\", \"HSP90AA1\")"
"REACTOME_SCF_BETA_TRCP_MEDIATED_DEGRADATION_OF_EMI1","0.710674157303371","1","0.0785029047348687","-0.280276816608997","-0.819508242058297","19","c(\"PSMB9\", \"PSMB8\", \"UBB\", \"PSMB3\", \"PSME2\", \"PSME1\", \"UBA52\", \"PSMA7\", \"PSMA4\", \"PSMA2\", \"PSMC1\", \"PSMB1\", \"PSMC6\", \"SKP1\", \"PSMC2\", \"PSMB5\", \"PSMC3\", \"PSMF1\", \"PSMC5\")"
"REACTOME_SCF_SKP2_MEDIATED_DEGRADATION_OF_P27_P21","0.710674157303371","1","0.0785029047348687","-0.280276816608997","-0.819508242058297","19","c(\"PSMB9\", \"PSMB8\", \"UBB\", \"PSMB3\", \"PSME2\", \"PSME1\", \"UBA52\", \"PSMA7\", \"PSMA4\", \"PSMA2\", \"PSMC1\", \"PSMB1\", \"PSMC6\", \"SKP1\", \"PSMC2\", \"PSMB5\", \"PSMC3\", \"PSMF1\", \"PSMC5\")"
"REACTOME_SELECTIVE_AUTOPHAGY","0.404494382022472","1","0.11146266692298","-0.350883170139302","-1.02595588678265","19","c(\"EPAS1\", \"PLIN2\", \"TUBA1C\", \"HSP90AA1\", \"UBB\", \"HSPA8\", \"MAP1LC3B\", \"TUBB4B\")"
"REACTOME_SELENOAMINO_ACID_METABOLISM","0.741506646971935","1","0.0454967810085007","0.287607520804171","0.827839734078295","31","c(\"INMT\", \"NNMT\", \"TXNRD1\", \"RPLP0\", \"RPL10A\", \"RPS4Y1\", \"RPL3\", \"RPL7A\", \"RPL5\", \"RPS5\", \"RPL12\", \"RPS18\", \"RPL23A\", \"HNMT\", \"RPSA\", \"RPL6\", \"AIMP1\", \"RPL13A\", \"RPL10\", \"RPL27\", \"RPLP2\", \"FAU\", \"RPS27\", \"RPL39\", \"RPS10\", \"RPL23\", \"RPS19\", \"UBA52\")"
"REACTOME_SEMAPHORIN_INTERACTIONS","0.844262295081967","1","0.0683110858318647","-0.257179569314811","-0.732077358126709","17","c(\"TYROBP\", \"PTPRC\")"
"REACTOME_SENSORY_PERCEPTION","0.495426829268293","1","0.0658311958368866","0.369295622952546","0.976280757232102","20","c(\"GPC3\", \"LRP1\", \"GSN\", \"SDC2\", \"ACTG1\", \"LRP10\")"
"REACTOME_SEPARATION_OF_SISTER_CHROMATIDS","0.530674846625767","1","0.0999276973731092","-0.282821229050279","-0.941252625371989","32","c(\"PSMB9\", \"PPP2R5C\", \"PSMB8\", \"UBE2D1\", \"TUBA1C\", \"UBB\", \"MAPRE1\", \"PPP2CA\", \"TUBB4B\", \"PSMB3\", \"PSME2\", \"PSME1\", \"UBA52\", \"PSMA7\", \"PSMA4\", \"RPS27\", \"TUBA1B\", \"PSMA2\", \"ANAPC16\", \"PSMC1\", \"PSMB1\", \"PSMC6\", \"SMC3\", \"PSMC2\", \"NUDC\", \"PSMB5\", \"DYNC1I2\", \"DYNC1LI2\", \"PSMC3\", \"PSMF1\", \"PPP2R1A\", \"PSMC5\")"
"REACTOME_SIGNALING_BY_ALK_IN_CANCER","0.962162162162162","1","0.0614364107201271","-0.214456476369385","-0.60035682481665","16","c(\"BCL2A1\", \"TPM3\", \"GRB2\", \"MYH9\", \"MSN\")"
"REACTOME_SIGNALING_BY_GPCR","0.00516548494996778","0.0566145634967528","0.407017918923954","-0.459511739545532","-1.58502080515094","41","c(\"GPSM3\", \"FPR1\", \"GPR183\", \"CCL3\", \"CXCR4\", \"C5AR1\", \"CXCL3\", \"ARRB2\", \"CXCL8\", \"CXCL16\", \"CD55\", \"CXCL2\", \"RGS10\", \"HBEGF\", \"ADGRE5\", \"GNAI2\", \"GNAQ\", \"RGS2\", \"GRB2\")"
"REACTOME_SIGNALING_BY_HEDGEHOG","0.729483282674772","1","0.0813027345384498","-0.265831593597773","-0.846710451880796","27","c(\"ARRB2\", \"PSMB9\", \"PSMB8\", \"TUBA1C\", \"UBB\", \"TUBB4B\", \"PSMB3\", \"PSME2\", \"PSME1\", \"UBA52\", \"PSMA7\", \"PSMA4\", \"TUBA1B\", \"PSMA2\", \"PSMC1\", \"PSMB1\", \"PSMC6\", \"SKP1\", \"PSMC2\", \"VCP\", \"PSMB5\", \"PSMC3\", \"ERLEC1\", \"PSMF1\", \"OS9\", \"PSMC5\", \"P4HB\")"
"REACTOME_SIGNALING_BY_INTERLEUKINS","0.565737051792829","1","0.112378519110475","-0.241102284630097","-0.961831181178722","82","c(\"FPR1\", \"CCL3\", \"ITGB2\", \"STXBP2\", \"PTPN6\", \"LCP1\", \"IL7R\", \"LGALS9\", \"CXCL8\")"
"REACTOME_SIGNALING_BY_MET","0.00364046927560432","0.0424114670607903","0.431707695803346","0.669776914162124","1.73979496095504","19","c(\"COL3A1\", \"COL1A2\", \"COL1A1\", \"LAMA2\", \"LAMA4\", \"LAMC1\", \"LAMB1\", \"FN1\", \"SPINT2\", \"PIK3R1\")"
"REACTOME_SIGNALING_BY_NOTCH","1","1","0.0308468245215279","0.112111649890758","0.329539400259858","34","c(\"ST3GAL4\", \"PBX1\", \"MYC\", \"JUN\")"
"REACTOME_SIGNALING_BY_NOTCH4","0.671597633136095","1","0.0843144320642653","-0.28125","-0.861960631078955","24","c(\"PSMB9\", \"PSMB8\", \"YWHAZ\", \"HES1\", \"UBB\", \"PSMB3\", \"PSME2\", \"PSME1\", \"UBA52\", \"PSMA7\", \"PSMA4\", \"RBPJ\", \"APH1A\", \"PSMA2\", \"PSMC1\", \"PSMB1\", \"PSMC6\", \"SKP1\", \"PSMC2\", \"SNW1\", \"PSMB5\", \"PSMC3\", \"PSMF1\", \"PSMC5\")"
"REACTOME_SIGNALING_BY_NTRKS","0.946745562130177","1","0.0665892104103933","-0.210416387363266","-0.641991194345092","23","c(\"SGK1\", \"ID1\", \"BAX\", \"GRB2\", \"AP2S1\", \"JUND\", \"RAP1A\", \"RAC1\", \"RHOA\")"
"REACTOME_SIGNALING_BY_NUCLEAR_RECEPTORS","0.761280931586608","1","0.0436251240000606","0.275629125029958","0.810180357215577","34","c(\"MMP2\", \"APOD\", \"ALDH1A1\", \"GNAI1\", \"PLTP\", \"MYC\", \"PIK3R1\", \"FOXO3\", \"JUN\")"
"REACTOME_SIGNALING_BY_RECEPTOR_TYROSINE_KINASES","0.0253279707471753","0.17357109364976","0.352487857583619","0.433178176023908","1.44980385555708","77","c(\"PDGFRA\", \"FGFR4\", \"COL3A1\", \"PTPRS\", \"COL1A2\", \"COL6A3\", \"FGF7\", \"COL1A1\", \"COL6A1\", \"LAMA2\", \"LAMA4\", \"COL6A2\", \"LAMC1\", \"LAMB1\", \"FN1\", \"FGFR1\", \"SPRY1\", \"ROCK2\")"
"REACTOME_SIGNALING_BY_RHO_GTPASES_MIRO_GTPASES_AND_RHOBTB3","0.847826086956522","1","0.0928481214159878","-0.20912664054264","-0.843949466345205","94","c(\"S100A9\", \"S100A8\", \"NCF2\", \"ARHGAP18\", \"ARHGDIB\", \"ARPC1B\", \"CYBA\", \"TFRC\", \"PFN1\", \"PPP2R5C\", \"ARPC2\", \"ACTR2\", \"ARPC3\", \"TPM3\", \"RHOG\", \"GRB2\", \"TUBA1C\", \"YWHAH\", \"HSP90AA1\", \"MYH9\", \"CDC42\", \"STOM\", \"IQGAP1\", \"YWHAZ\", \"RAC1\", \"CFL1\", \"HSPE1\", \"RHOA\")"
"REACTOME_SIGNALING_BY_ROBO_RECEPTORS","0.98932384341637","1","0.0736212741014394","-0.157364647961043","-0.580701185041838","58","c(\"CXCR4\", \"VASP\", \"PSMB9\", \"PFN1\", \"PSMB8\", \"CDC42\", \"CAP1\", \"RAC1\", \"RHOA\", \"ETF1\", \"UBB\", \"PABPC1\", \"RPS29\", \"PSMB3\", \"RPL28\", \"MAGOH\", \"RPL36AL\", \"RBM8A\", \"PAK2\", \"PSME2\", \"EIF4A3\", \"PSME1\", \"UBA52\", \"RPS19\", \"PSMA7\", \"PSMA4\", \"RPL23\", \"RPS10\", \"RPL39\")"
"REACTOME_SIGNALING_BY_TGFB_FAMILY_MEMBERS","0.0147580087822121","0.122807715937693","0.380730400722792","0.57359022741152","1.5666115961733","24","c(\"CHRDL1\", \"ITGA8\", \"COL1A2\", \"LTBP4\", \"FSTL1\", \"FSTL3\", \"MYC\")"
"REACTOME_SIGNALING_BY_TGF_BETA_RECEPTOR_COMPLEX","0.151840490797546","0.737059049079755","0.138022242496643","0.481611971701809","1.27939581711975","21","c(\"ITGA8\", \"COL1A2\", \"LTBP4\", \"MYC\")"
"REACTOME_SIGNALING_BY_THE_B_CELL_RECEPTOR_BCR","0.29483282674772","1","0.139599673451922","-0.343866643308121","-1.09526289558605","27","c(\"PTPN6\", \"REL\", \"PSMB9\", \"PSMB8\", \"GRB2\", \"FKBP1A\", \"NFKBIA\", \"UBB\", \"CALM1\", \"PSMB3\", \"PPIA\", \"PSME2\", \"PSME1\", \"UBA52\", \"PSMA7\", \"PSMA4\")"
"REACTOME_SIGNALING_BY_VEGF","0.743243243243243","1","0.0741758965588009","-0.277898714053349","-0.777959203723611","16","c(\"NCF2\", \"CYBA\", \"HSP90AA1\", \"CDC42\", \"RAC1\", \"RHOA\", \"CALM1\", \"CTNNB1\", \"CAV1\", \"PAK2\")"
"REACTOME_SIGNALING_BY_WNT","0.460526315789474","1","0.11331290842208","-0.282546502533224","-0.975932215748795","42","c(\"ARRB2\", \"PSMB9\", \"PFN1\", \"PPP2R5C\", \"PSMB8\", \"AP2S1\", \"YWHAZ\", \"RAC1\", \"RHOA\", \"UBB\", \"GNG5\", \"PPP2CA\", \"CALM1\", \"CTNNB1\", \"PSMB3\", \"CAV1\", \"PSME2\", \"PSME1\", \"UBA52\", \"VPS29\", \"PSMA7\", \"PSMA4\", \"TMED5\", \"VPS35\")"
"REACTOME_SLC_MEDIATED_TRANSMEMBRANE_TRANSPORT","0.57097288676236","1","0.0611692626746689","0.378370659402907","0.924010569001291","15","c(\"APOD\", \"SLC38A5\", \"SLC40A1\", \"SLC1A5\", \"SLC44A1\", \"SLC38A2\", \"ARL2\", \"SLC39A1\")"
"REACTOME_SMOOTH_MUSCLE_CONTRACTION","0.761075949367089","1","0.0474483193656297","0.31707132814037","0.788214325701714","16","c(\"MYLK\", \"ANXA6\", \"CALD1\", \"TPM2\", \"TLN1\", \"TPM1\")"
"REACTOME_SOMITOGENESIS","0.725490196078431","1","0.077274697304471","-0.280082987551867","-0.804344973506749","18","c(\"PSMB9\", \"PSMB8\", \"CTNNB1\", \"PSMB3\", \"PSME2\", \"PSME1\", \"PSMA7\", \"PSMA4\", \"RBPJ\", \"PSMA2\", \"PSMC1\", \"PSMB1\", \"PSMC6\", \"PSMC2\", \"PSMB5\", \"PSMC3\", \"PSMF1\", \"PSMC5\")"
"REACTOME_SRP_DEPENDENT_COTRANSLATIONAL_PROTEIN_TARGETING_TO_MEMBRANE","0.463949843260188","1","0.109684061970549","-0.285514345696291","-0.966052429492031","35","c(\"SPCS3\", \"RPS29\", \"RPN1\", \"RPL28\", \"RPL36AL\", \"UBA52\", \"RPS19\", \"RPL23\", \"RPS10\", \"RPL39\", \"RPS27\", \"FAU\", \"RPLP2\", \"RPL27\", \"RPL10\", \"RPL13A\", \"RPL6\", \"RPSA\", \"SPCS1\", \"RPL23A\", \"SRP72\", \"RPS18\", \"RPL12\", \"RPS5\", \"SSR2\", \"SRP9\", \"SPCS2\", \"RPL5\", \"RPL7A\", \"RPL3\", \"RPS4Y1\", \"RPL10A\", \"RPLP0\", \"DDOST\", \"RPN2\")"
"REACTOME_STABILIZATION_OF_P53","0.725490196078431","1","0.077274697304471","-0.280082987551867","-0.804344973506749","18","c(\"PSMB9\", \"PSMB8\", \"UBB\", \"PSMB3\", \"PSME2\", \"PSME1\", \"UBA52\", \"PSMA7\", \"PSMA4\", \"PSMA2\", \"PSMC1\", \"PSMB1\", \"PSMC6\", \"PSMC2\", \"PSMB5\", \"PSMC3\", \"PSMF1\", \"PSMC5\")"
"REACTOME_SWITCHING_OF_ORIGINS_TO_A_POST_REPLICATIVE_STATE","0.72","1","0.0787113806986485","-0.280665280665281","-0.837331675822353","21","c(\"PSMB9\", \"PSMB8\", \"UBE2D1\", \"UBB\", \"PSMB3\", \"PSME2\", \"PSME1\", \"UBA52\", \"PSMA7\", \"PSMA4\", \"PSMA2\", \"ANAPC16\", \"PSMC1\", \"PSMB1\", \"PSMC6\", \"SKP1\", \"PSMC2\", \"PSMB5\", \"PSMC3\", \"PSMF1\", \"PSMC5\")"
"REACTOME_SYNTHESIS_OF_DNA","0.72","1","0.0787113806986485","-0.280665280665281","-0.837331675822353","21","c(\"PSMB9\", \"PSMB8\", \"UBE2D1\", \"UBB\", \"PSMB3\", \"PSME2\", \"PSME1\", \"UBA52\", \"PSMA7\", \"PSMA4\", \"PSMA2\", \"ANAPC16\", \"PSMC1\", \"PSMB1\", \"PSMC6\", \"SKP1\", \"PSMC2\", \"PSMB5\", \"PSMC3\", \"PSMF1\", \"PSMC5\")"
"REACTOME_S_PHASE","0.967455621301775","1","0.0655321029282414","-0.189038840179204","-0.579356579481956","24","c(\"PSMB9\", \"PSMB8\", \"UBE2D1\", \"CCNH\")"
"REACTOME_TCF_DEPENDENT_SIGNALING_IN_RESPONSE_TO_WNT","0.966565349544073","1","0.0668966276500666","-0.186480136273847","-0.593965067561271","27","c(\"PSMB9\", \"PPP2R5C\", \"PSMB8\", \"YWHAZ\", \"UBB\", \"PPP2CA\", \"CTNNB1\", \"PSMB3\", \"CAV1\", \"PSME2\", \"PSME1\", \"UBA52\", \"PSMA7\", \"PSMA4\", \"CSNK2B\", \"PSMA2\", \"PSMC1\", \"PSMB1\", \"PSMC6\", \"PSMC2\", \"PSMB5\", \"PSMC3\", \"PSMF1\", \"PPP2R1A\", \"TCF4\", \"PSMC5\")"
"REACTOME_TCR_SIGNALING","0.000178935181611266","0.00320706902426346","0.518848077743792","-0.61456443797623","-2.01829396298862","31","c(\"HLA-DQA1\", \"HLA-DRA\", \"HLA-DQB1\", \"HLA-DRB1\", \"PTPRC\", \"HLA-DPB1\", \"HLA-DPA1\", \"VASP\", \"PSMB9\", \"PSMB8\", \"UBE2D1\")"
"REACTOME_THE_CITRIC_ACID_TCA_CYCLE_AND_RESPIRATORY_ELECTRON_TRANSPORT","0.923076923076923","1","0.0739901439101341","-0.197452229299363","-0.724712963252491","51","c(\"SLC16A3\", \"UCP2\", \"COX5A\", \"CYCS\", \"COX4I1\", \"NDUFA3\", \"UQCRB\", \"COX7B\", \"MT-CO1\", \"NDUFA12\", \"MT-CO3\", \"COX6B1\", \"MT-ND3\", \"UQCR11\", \"NDUFB1\", \"UQCRH\", \"COX14\", \"COX7C\", \"NDUFB2\", \"MT-CO2\", \"NDUFB8\", \"NDUFA1\", \"MT-ND1\", \"UQCR10\", \"NDUFV2\", \"NDUFA13\", \"UQCRC1\", \"UQCRFS1\", \"NDUFS7\", \"COX8A\", \"VDAC1\", \"COQ10B\", \"MT-ND5\", \"SDHC\", \"SDHB\", \"MDH2\", \"NDUFC2\", \"ETFB\", \"CYC1\", \"SUCLG1\", \"NDUFA5\", \"MPC1\", \"LDHA\", \"NDUFS4\", \"NDUFV1\", \"NDUFS2\", \"NDUFA4\", \"SDHD\", \"PDK4\", \"LDHB\", \"COX11\")"
"REACTOME_THE_ROLE_OF_GTSE1_IN_G2_M_PROGRESSION_AFTER_G2_CHECKPOINT","0.591715976331361","1","0.0913924325943768","-0.298277058468814","-0.910058610033738","23","c(\"PSMB9\", \"PSMB8\", \"TUBA1C\", \"HSP90AA1\", \"UBB\", \"MAPRE1\", \"TUBB4B\", \"PSMB3\", \"PSME2\", \"PSME1\", \"UBA52\", \"PSMA7\", \"PSMA4\")"
"REACTOME_TNFR2_NON_CANONICAL_NF_KB_PATHWAY","0.73121387283237","1","0.0785029047348687","-0.280470914127424","-0.824627793026847","20","c(\"PSMB9\", \"PSMB8\", \"UBB\", \"PSMB3\", \"PSME2\", \"PSME1\", \"UBA52\", \"PSMA7\", \"PSMA4\", \"PSMA2\", \"PSMC1\", \"PSMB1\", \"PSMC6\", \"TNFRSF1A\", \"SKP1\", \"PSMC2\", \"PSMB5\", \"PSMC3\", \"PSMF1\", \"PSMC5\")"
"REACTOME_TOLL_LIKE_RECEPTOR_CASCADES","0.189349112426035","0.848429676832044","0.175204047558551","-0.394119970293978","-1.20787874956593","24","c(\"ITGB2\", \"S100A9\", \"S100A8\", \"CTSS\", \"LY96\", \"CTSB\", \"UBE2D1\", \"CNPY3\", \"MAP3K8\")"
"REACTOME_TP53_REGULATES_METABOLIC_GENES","0.951367781155015","1","0.0676760401641789","-0.202698301513637","-0.645622170590332","27","c(\"YWHAH\", \"COX5A\", \"YWHAZ\", \"LAMTOR2\", \"TXN\", \"CYCS\", \"COX4I1\", \"LAMTOR4\", \"PRDX1\", \"COX7B\", \"MT-CO1\", \"MT-CO3\", \"COX6B1\", \"YWHAB\", \"DDIT4\", \"COX14\", \"COX7C\", \"MT-CO2\")"
"REACTOME_TRANSCRIPTIONAL_REGULATION_BY_RUNX1","0.285714285714286","1","0.142056643575821","-0.338083399847181","-1.10229925482976","30","c(\"SPI1\", \"PSMB9\", \"CCND3\", \"ELF1\", \"PSMB8\", \"CCNH\")"
"REACTOME_TRANSCRIPTIONAL_REGULATION_BY_RUNX2","0.974397590361446","1","0.0337507376805299","0.212922043136292","0.581540838594013","24","c(\"COL1A1\", \"PSMC5\", \"PSMF1\", \"PSMC3\", \"PSMB5\", \"PSMC2\", \"SKP1\", \"PSMC6\", \"PSMB1\", \"PSMC1\", \"STUB1\", \"PSMA2\", \"LGALS3\", \"PSMA4\", \"PSMA7\", \"UBA52\", \"PSME1\", \"PSME2\", \"PSMB3\", \"UBB\", \"HES1\", \"PSMB8\", \"BAX\", \"PSMB9\")"
"REACTOME_TRANSCRIPTIONAL_REGULATION_BY_RUNX3","0.994047619047619","1","0.0645031249656493","-0.155663655316192","-0.483079855621376","25","c(\"PSMB9\", \"PSMB8\", \"HES1\", \"UBB\", \"CTNNB1\", \"PSMB3\", \"PSME2\", \"PSME1\", \"UBA52\", \"PSMA7\", \"PSMA4\", \"RBPJ\", \"PSMA2\", \"BRD2\", \"PSMC1\", \"PSMB1\", \"PSMC6\", \"PSMC2\", \"SNW1\", \"PSMB5\", \"PSMC3\", \"PSMF1\", \"PSMC5\", \"FOXO3\", \"MYC\")"
"REACTOME_TRANSCRIPTIONAL_REGULATION_BY_TP53","0.989473684210526","1","0.0728938564822936","-0.165839829907867","-0.606529717818761","53","c(\"SGK1\", \"PPP2R5C\", \"BAX\", \"CCNH\", \"YWHAH\", \"COX5A\", \"YWHAZ\", \"LAMTOR2\", \"PRELID1\", \"TXN\", \"UBB\", \"CYCS\", \"PPP2CA\", \"COX4I1\", \"LAMTOR4\", \"PRDX1\", \"COX7B\", \"MT-CO1\", \"MT-CO3\", \"COX6B1\", \"YWHAB\", \"TMEM219\", \"UBA52\", \"DDIT4\", \"COX14\", \"COX7C\", \"MT-CO2\", \"CSNK2B\", \"COX8A\", \"TAF7\", \"PIN1\", \"MEAF6\", \"BNIP3L\", \"PRMT1\", \"RHEB\", \"TNRC6B\", \"RBBP7\", \"GTF2H5\", \"TCEA1\", \"YWHAQ\", \"NDUFA4\", \"PPP2R1A\", \"BTG2\", \"PRDX2\", \"CNOT4\", \"FOS\", \"CCNG1\", \"RRAGA\", \"TXNRD1\", \"JUN\", \"GADD45A\", \"COX11\", \"RGCC\")"
"REACTOME_TRANSLATION","0.282608695652174","1","0.157402899305283","-0.291845493562232","-1.11139150828222","66","c(\"MRPL14\", \"EIF4EBP1\", \"ETF1\", \"SPCS3\", \"PABPC1\", \"RPS29\", \"RPN1\", \"MRPL54\", \"RPL28\", \"MRPL47\", \"RPL36AL\", \"EIF5\", \"EIF4E\", \"UBA52\", \"RPS19\", \"MTIF3\", \"RPL23\", \"AURKAIP1\", \"RPS10\", \"MRPL18\", \"RPL39\", \"MRPL52\", \"RPS27\", \"EIF2S2\", \"EIF3K\", \"FAU\", \"MRPS15\", \"RPLP2\", \"RPL27\", \"RPL10\", \"RPL13A\", \"AIMP1\", \"RPL6\", \"RPSA\", \"SPCS1\", \"RPL23A\", \"SRP72\", \"RPS18\", \"RPL12\", \"MRPL51\", \"EIF3D\", \"MRPS36\", \"RPS5\", \"EIF3L\", \"EIF3I\", \"TRMT112\", \"SSR2\", \"SRP9\", \"SPCS2\", \"RPL5\", \"RPL7A\", \"EIF3E\", \"TUFM\", \"RPL3\", \"EIF4A1\", 
\"MRPS18B\", \"RPS4Y1\", \"RPL10A\", \"EIF4H\", \"RPLP0\", \"DDOST\", \"EEF2\", \"MRPL40\", \"EIF4A2\", \"MRPS6\", \"RPN2\")"
"REACTOME_TRANSMISSION_ACROSS_CHEMICAL_SYNAPSES","0.976878612716763","1","0.0639271933359996","-0.19344077132944","-0.568745735503736","20","c(\"GNAI2\", \"TUBA1C\", \"AP2S1\", \"RAC1\", \"GNAI3\", \"HSPA8\", \"GNG5\", \"CALM1\", \"TUBB4B\")"
"REACTOME_TRANSPORT_OF_SMALL_MOLECULES","0.810738255033557","1","0.036993251998507","0.242139020276455","0.813194362291999","78","c(\"ABCA6\", \"APOD\", \"ABCA8\", \"SLC38A5\", \"FXYD1\", \"A2M\", \"SLC40A1\", \"SLC1A5\", \"PLTP\", \"CYBRD1\", \"FXYD6\", \"ASPH\", \"SLC44A1\", \"SLC38A2\")"
"REACTOME_TRANSPORT_TO_THE_GOLGI_AND_SUBSEQUENT_MODIFICATION","0.80952380952381","1","0.0780892306943345","-0.240631257902898","-0.808455098769255","34","c(\"AREG\", \"SERPINA1\", \"CD55\", \"CTSZ\", \"TUBA1C\", \"MGAT1\", \"CAPZA1\", \"CD59\", \"CAPZA2\", \"TUBB4B\", \"TRAPPC1\", \"CTSC\", \"COPE\", \"ARF5\")"
"REACTOME_TRANS_GOLGI_NETWORK_VESICLE_BUDDING","0.0265304609422025","0.176617068558091","0.352487857583619","-0.557730686553416","-1.53471930668022","15","c(\"VAMP8\", \"TFRC\", \"AP1S2\", \"FTL\", \"CTSZ\", \"FTH1\", \"BLOC1S1\", \"M6PR\", \"SNX2\", \"RAB5C\", \"HSPA8\")"
"REACTOME_UB_SPECIFIC_PROCESSING_PROTEASES","0.951367781155015","1","0.0676760401641789","-0.200778060146833","-0.639505935821537","27","c(\"ARRB2\", \"PSMB9\", \"PSMB8\", \"HIF1A\", \"NFKBIA\", \"UBB\")"
"REACTOME_UCH_PROTEINASES","0.73121387283237","1","0.0785029047348687","-0.280470914127424","-0.824627793026847","20","c(\"PSMB9\", \"PSMB8\", \"TGFBR2\", \"UBB\", \"PSMB3\", \"PSME2\", \"PSME1\", \"UBA52\", \"PSMA7\", \"PSMA4\", \"ADRM1\", \"PSMA2\", \"PSMC1\", \"PSMB1\", \"PSMC6\", \"PSMC2\", \"PSMB5\", \"PSMC3\", \"PSMF1\", \"PSMC5\")"
"REACTOME_UNFOLDED_PROTEIN_RESPONSE_UPR","0.951428571428571","1","0.0646484568421928","-0.196812196812197","-0.587165915885305","21","c(\"CXCL8\", \"TPP1\", \"ATP6V0D1\", \"SERP1\", \"HERPUD1\", \"CEBPB\", \"XBP1\", \"EIF2S2\", \"DDIT3\", \"CALR\", \"ATF3\", \"DNAJB9\", \"HSPA5\", \"ACADVL\", \"MYDGF\", \"DNAJC3\", \"YIF1A\", \"TLN1\", \"HSP90B1\", \"PDIA6\", \"CCL2\")"
"REACTOME_VESICLE_MEDIATED_TRANSPORT","0.13302752293578","0.671943091514996","0.266350657088526","-0.295057555234979","-1.19456546954296","97","c(\"MARCO\", \"CD163\", \"MSR1\", \"AREG\", \"IL7R\", \"SERPINA1\", \"ARRB2\", \"VAMP8\", \"CD55\", \"TFRC\", \"AP1S2\", \"HBEGF\", \"HSPH1\", \"RAB31\", \"FTL\", \"CTSZ\", \"ARPC2\", \"ACTR2\", \"ARF6\", \"ARPC3\", \"APOE\", \"GRB2\", \"TUBA1C\", \"AP2S1\", \"YWHAH\", \"HSP90AA1\", \"MYH9\", \"RAB11A\", \"FTH1\", \"CAPZA1\", \"YWHAZ\", \"RAC1\", \"CD59\", \"ACTR3\", \"CAPZA2\", \"BLOC1S1\", \"M6PR\", \"UBB\", \"SNX2\", \"RAB5C\", \"HSPA8\")"
"REACTOME_VIRAL_INFECTION_PATHWAYS","0.974874371859296","1","0.0931454575337804","-0.180606009339027","-0.772538588349509","132","c(\"CXCR4\", \"PTPN6\", \"PYCARD\", \"HLA-B\", \"NUP214\", \"ISG15\", \"ATP1B3\", \"AP1S2\", \"PSMB9\", \"HLA-C\", \"B2M\", \"PSMB8\", \"GRB2\", \"TUBA1C\", \"BST2\", \"HLA-A\", \"AP2S1\", \"FKBP1A\", \"CCNH\", \"IFNGR2\", \"HLA-E\", \"YWHAH\", \"HSP90AA1\", \"SLC25A5\", \"HSPA1A\", \"MGAT1\", \"YWHAZ\", \"RAC1\", \"IFNGR1\")"
